CasRN	ChemicalID	ChemicalName	# disease associations
48144-44-1	C065734	1-(3-chlorophenyl)biguanide	1
107767-55-5	C062028	1-(5-hydroxy-5-methylhexyl)-3-methylxanthine	1
9088-01-1	D015059	1-Sarcosine-8-Isoleucine Angiotensin II	1
139890-68-9	C070379	1,2-bis(2-aminophenoxy)ethane N,N,N',N'-tetraacetic acid acetoxymethyl ester	1
611-59-6	C021183	1,7-dimethylxanthine	1
34522-38-8	C003498	1'-methylspiro(adamantane-2,3'-pyrrolidine)maleate	1
6874-80-2	C013362	13-hydroxylupanine-2-pyrrolecarbonic acid	2
102492-19-3	C048858	14-dehydroxy-3-glucodigitoxigenin	1
33100-27-5	C042148	15-crown-5	1
52670-65-2	C029185	17-pentylsparteine	1
1449-05-4	C119129	18alpha-glycyrrhetinic acid	1
92891-93-5	C044565	2-((((2-chloroethyl)nitrosoamino)carbonyl)amino)propanamide	1
72583-92-7	C103723	2-(2-benzofuranyl)-2-imidazoline	1
154447-36-6	C085911	2-(4-morpholinyl)-8-phenyl-4H-1-benzopyran-4-one	2
163042-96-4	C090034	2-chloro-N(6)-(3-iodobenzyl)adenosine-5'-N-methyluronamide	1
146-77-0	D015762	2-Chloroadenosine	1
88-14-2	C060089	2-furoic acid	1
362-07-2	D000077584	2-Methoxyestradiol	2
102575-24-6	C058525	2-methoxyidazoxan	1
53296-10-9	C026708	2-phenylaminoadenosine	1
2409-55-4	C054527	2-tert-butyl-4-methylphenol	1
1948-33-0	C018855	2-tert-butylhydroquinone	2
67287-49-4	D015647	2,3,4,5-Tetrahydro-7,8-dihydroxy-1-phenyl-1H-3-benzazepine	1
490-79-9	C010925	2,5-dihydroxybenzoic acid	1
53209-27-1	C087939	2''-galloylhyperin	1
76144-81-5	C050147	3-(2,2,2-trimethylhydrazine)propionate	1
162011-83-8	C102563	3-(3,4-difluorophenyl)-4-(4-(methylsulfonyl)phenyl)-2(5H)-furanone	1
130061-81-3	C066172	3-hydroxy-10,11-dihydroquinidine	2
577-85-5	C041477	3-hydroxyflavone	1
5142-23-4	C025946	3-methyladenine	1
4339-71-3	C041525	3,3',4,5'-tetrahydroxystilbene	2
67198-13-4	D019900	3,4-Dichloro-N-methyl-N-(2-(1-pyrrolidinyl)-cyclohexyl)-benzeneacetamide, (trans)-Isomer	1
6957-27-3	C023608	3,4-dihydropapaverine	1
143578-51-2	C077594	3,6-dimethylaminodibenzopyridonium edetate	4
528-74-5	C004763	3',5'-dichloromethotrexate	1
504-24-5	D015761	4-Aminopyridine	2
1076-38-6	C068805	4-hydroxycoumarin	1
4843-98-5	C014606	4-hydroxypyrazole	1
1821-12-1	C075773	4-phenylbutyric acid	1
101-77-9	C009505	4,4'-diaminodiphenylmethane	1
130603-71-3	C069037	4(G)-alpha-glucopyranosyl-rutin	1
213252-19-8	C116017	5-((2,4-dioxo-5-thiazolidinyl)methyl)-2-methoxy-N-((4-(trifluoromethyl)phenyl)methyl)benzamide	1
153042-42-3	C085754	5-(dimethylamino)-N-(3,4-dimethyl-5-isoxazolyl)-1-naphthalenesulfonamide	1
624-00-0	C052853	5-hydroxydecanoic acid	1
484-20-8	D000078223	5-Methoxypsoralen	2
34661-85-3	C057446	5-methylurapidil	1
3317-61-1	C017245	5,5-dimethyl-1-pyrroline-1-oxide	1
5090-36-8	D015115	5,6-Dihydroxytryptamine	1
29347-89-5	C030371	5,6,7,8-tetrahydrofolic acid	1
31363-74-3	D015116	5,7-Dihydroxytryptamine	1
1191-85-1	D015117	5,8,11,14-Eicosatetraynoic Acid	1
115066-14-3	D018750	6-Cyano-7-nitroquinoxaline-2,3-dione	1
56305-04-5	C010643	6-hydroxy-2,5,7,8-tetramethylchroman-2-carboxylic acid	1
50608-63-4	C009709	6-methyl-1,2,3,5-tetrahydroimidazo(2,1-b)quinazolin-2-one hydrochloride	1
115039-00-4	C054923	6-methyl-1,3,8-trichlorodibenzofuran	2
93-35-6	C031477	7-hydroxycoumarin	1
79821-50-4	C033705	7-oxoprostaglandin I2	1
57987-77-6	C012153	7,8-dichloro-1,2,3,4-tetrahydroisoquinoline	1
94899-83-9	C044492	711389-S	3
148589-13-3	C081320	8-(3-chlorostyryl)caffeine	1
80206-91-3	C031433	8-(4-sulfophenyl)theophylline	1
78950-78-4	D017371	8-Hydroxy-2-(di-n-propylamino)tetralin	1
961-45-5	C028322	8-phenyltheophylline	1
60203-57-8	C037112	9-deoxy-delta-9-prostaglandin D2	1
6267-02-3	C036600	9,9-dimethylcarbazine	1
56180-94-0	D020909	Acarbose	3
37517-30-9	D000070	Acebutolol	6
32795-44-1	D000120	Acecainide	1
89796-99-6	C056498	aceclofenac	1
152-72-7	D000074	Acenocoumarol	5
103-90-2	D000082	Acetaminophen	6
59-66-5	D000086	Acetazolamide	2
498-02-2	C056165	acetovanillone	3
14992-62-2	D000108	Acetylcarnitine	1
51-84-3	D000109	Acetylcholine	2
616-91-1	D000111	Acetylcysteine	16
60-38-8	C004681	acetylstrophanthidin	1
55079-83-9	D017255	Acitretin	1
58-61-7	D000241	Adenosine	8
56-65-5	D000255	Adenosine Triphosphate	4
148498-78-6	D053607	Adrenomedullin	1
850140-72-6	D000077716	Afatinib	1
28441-98-7	C079168	agathisflavone	1
306-60-5	D000376	Agmatine	1
81443-73-4	C046926	AH 23848	1
96436-73-6	C045188	AHR 10718	1
125651-31-2	C063013	AHR 12234	1
3031-94-5	C031143	AICA ribonucleotide	1
4360-12-7	D000404	Ajmaline	4
129652-42-2	C064595	albolabrin	1
18559-94-9	D000420	Albuterol	9
22131-79-9	C084615	alclofenac	1
66376-36-1	D019386	Alendronate	2
41294-56-8	C008088	alfacalcidol	4
71195-58-9	D015760	Alfentanil	2
33178-86-8	C022192	alinidine	3
5300-03-8	D000077556	Alitretinoin	1
23444-65-7	C018204	alkannin	1
315-30-0	D000493	Allopurinol	1
592-88-1	C038491	allyl sulfide	1
27469-53-0	D015765	Almitrine	1
604-59-1	C011512	alpha-naphthoflavone	1
59-02-9	D024502	alpha-Tocopherol	6
28981-97-7	D000525	Alprazolam	1
13655-52-2	D000526	Alprenolol	4
745-65-3	D000527	Alprostadil	7
10043-01-3	C041524	aluminum sulfate	1
50588-47-1	C010158	amafolone	1
768-94-5	D000547	Amantadine	1
115-79-7	D000549	Ambenonium Chloride	1
1617-53-4	C011164	amentoflavone	1
41658-78-0	C027784	amezinium	1
20537-88-6	D004999	Amifostine	2
37517-28-5	D000583	Amikacin	4
2609-46-3	D000584	Amiloride	3
68529-45-3	C010247	amiloride, hydrochlorothiazide drug combination	2
125-84-8	D000616	Aminoglutethimide	2
645-88-5	D000625	Aminooxyacetic Acid	2
317-34-0	D000628	Aminophylline	13
2207-50-3	D000635	Aminorex	1
65-49-6	D010131	Aminosalicylic Acid	1
1951-25-3	D000638	Amiodarone	18
50-48-6	D000639	Amitriptyline	4
4317-14-0	C006566	amitriptyline N-oxide	1
61-82-5	D000640	Amitrole	1
88150-42-9	D017311	Amlodipine	9
26787-78-0	D000658	Amoxicillin	3
74469-00-4	D019980	Amoxicillin-Potassium Clavulanate Combination	6
300-62-9	D000661	Amphetamine	1
1397-89-3	D000666	Amphotericin B	6
87687-70-5	C059765	amphotericin B, deoxycholate drug combination	2
69-53-4	D000667	Ampicillin	2
60719-84-8	D000676	Amrinone	5
5508-58-7	C030419	andrographolide	1
139051-27-7	C073427	anemarsaponin B	1
104-46-1	C006578	anethole	4
532-11-6	D000781	Anethole Trithione	1
56832-47-4	C014805	angiotensin II, Sar(1)-Thr(8)-	1
83200-10-6	C045313	anipamil	1
117-37-3	C010679	anisindione	1
55869-99-3	C003922	anisodamine	3
55300-29-3	C017014	antrafenine	1
431-89-0	C094049	apaflurane	1
520-36-5	D047310	Apigenin	3
58-00-4	D001058	Apomorphine	1
37640-71-4	D001073	Aprindine	6
67339-62-2	C032994	AR-C239	1
86780-90-7	C059427	aranidipine	1
63-75-2	D001115	Arecoline	1
113-79-1	D001127	Arginine Vasopressin	1
1327-53-3	D000077237	Arsenic Trioxide	6
50906-56-4	C006634	arteannuin B	1
71963-77-4	D000077549	Artemether	1
50-81-7	D001205	Ascorbic Acid	13
22839-47-0	D001218	Aspartame	2
50-78-2	D001241	Aspirin	21
472-61-7	C005948	astaxanthine	1
68844-77-9	D016589	Astemizole	1
29122-68-7	D001262	Atenolol	15
94015-53-9	D053626	Atovaquone	2
51-55-8	D001285	Atropine	8
34031-32-8	D001310	Auranofin	2
12192-57-3	D006051	Aurothioglucose	1
21650-02-2	C000109	azabicyclane	1
320-67-2	D001374	Azacitidine	1
11141-17-6	C010329	azadirachtin	1
3964-81-6	C006656	azatadine	1
446-86-6	D001379	Azathioprine	4
58581-89-8	C020976	azelastine	1
149888-94-8	C086123	azimilide	2
83905-01-5	D017963	Azithromycin	5
131860-33-8	C087670	azoxystrobin	1
78110-38-0	D001398	Aztreonam	1
1134-47-0	D001418	Baclofen	1
491-67-8	C006680	baicalein	1
81732-65-2	C047766	bambuterol	2
4419-39-0	D001507	Beclomethasone	10
86541-75-5	C044946	benazepril	7
89747-91-1	C052133	benazeprilat	1
73-48-3	D001539	Bendroflumethiazide	2
105979-17-7	C061004	benidipine	2
5003-48-5	C084830	benorilate	1
322-35-0	D001545	Benserazide	3
3562-84-3	D001553	Benzbromarone	1
12794-10-4	D001569	Benzodiazepines	2
100-51-6	D019905	Benzyl Alcohol	1
2211-57-6	C117872	benzylguanidine	1
114776-28-2	C063964	bepafant	1
64706-54-3	D015764	Bepridil	7
108778-82-1	C072197	beractant	1
88430-50-6	C048081	beraprost	2
2086-83-1	D001599	Berberine	4
7235-40-7	D019207	beta Carotene	2
6051-87-2	D019324	beta-Naphthoflavone	1
5638-76-6	D001621	Betahistine	1
107-43-7	D001622	Betaine	2
378-44-9	D001623	Betamethasone	3
63659-18-7	D015784	Betaxolol	3
55-73-2	D001627	Bethanidine	3
472-15-1	C002070	betulinic acid	1
59170-23-9	C021148	bevantolol	1
41859-67-0	D001629	Bezafibrate	6
485-49-4	D001640	Bicuculline	1
515-69-5	C004497	bisabolol	1
66722-44-9	D017298	Bisoprolol	7
80-05-7	C006780	bisphenol A	2
30392-40-6	C011685	bitolterol	1
128270-60-0	C074619	bivalirudin	1
11056-06-7	D001761	Bleomycin	2
135472-91-2	C075674	BN 52256	1
69010-88-4	C036007	bopindolol	1
11113-50-1	C032688	boric acid	1
7440-42-8	D001895	Boron	1
7184-60-3	C005066	borrelidin	2
147536-97-8	D000077300	Bosentan	5
39715-02-1	C014926	BQ 22-708	1
138866-14-5	C074544	bradykinin, 1-adamantanecarboxylic acid-Arg(0)-Hyp(3)-Thi(5,8)-Phe(7)-	1
600-76-0	C050295	brazilein	1
104051-20-9	C065350	brefanolol	1
59-41-6	C045166	bretylium	2
61-75-6	D001950	Bretylium Tosylate	3
1812-30-2	D001960	Bromazepam	1
16170-76-6	C100245	bromebric acid	1
25614-03-3	D001971	Bromocriptine	3
357-57-3	C083806	brucine	1
65002-17-7	C026535	bucillamine	1
70369-47-0	C024307	bucindolol	1
58409-59-9	C024221	bucumolol	1
51333-22-3	D019819	Budesonide	9
30103-44-7	C000661	bumecain	1
28395-03-1	D002034	Bumetanide	4
80755-51-7	C018176	bunazosin	3
2180-92-9	D002045	Bupivacaine	2
23284-25-5	D002046	Bupranolol	1
52485-79-7	D002047	Buprenorphine	2
497-23-4	C004511	butenolide	1
5072-26-4	D019328	Buthionine Sulfoximine	1
25013-16-5	D002083	Butylated Hydroxyanisole	1
128-37-0	D002084	Butylated Hydroxytoluene	2
107-92-6	D020148	Butyric Acid	1
64241-34-5	C031877	cadralazine	1
331-39-5	C040048	caffeic acid	2
104594-70-9	C055494	caffeic acid phenethyl ester	3
58-08-2	D002110	Caffeine	5
19356-17-3	D002112	Calcifediol	1
32222-06-3	D002117	Calcitriol	8
7440-70-2	D002118	Calcium	6
471-34-1	D002119	Calcium Carbonate	1
10043-52-4	D002122	Calcium Chloride	4
299-28-5	D002125	Calcium Gluconate	5
37270-89-6	C006871	calcium heparin	1
76-22-2	D002164	Camphor	1
139481-59-7	C081643	candesartan	5
145040-37-5	C077793	candesartan cilexetil	4
289499-45-2	C420268	Canertinib	1
13956-29-1	D002185	Cannabidiol	1
4138-96-9	D002191	Canrenoic Acid	3
976-71-6	D002192	Canrenone	1
56-25-7	D002193	Cantharidin	1
11003-38-6	D002207	Capreomycin	2
404-86-4	D002211	Capsaicin	5
62571-86-2	D002216	Captopril	1
298-46-4	D002220	Carbamazepine	2
38821-49-7	D002230	Carbidopa	3
22232-54-8	D002231	Carbimazole	1
2387-59-9	D002233	Carbocysteine	1
630-08-0	D002248	Carbon Monoxide	2
41575-94-4	D016190	Carboplatin	4
154-93-8	D002330	Carmustine	2
305-84-0	D002336	Carnosine	1
51781-06-7	D002354	Carteolol	3
72956-09-3	D000077261	Carvedilol	18
154-23-4	D002392	Catechin	3
162542-90-7	C102660	CDP 840	1
53994-73-3	D002433	Cefaclor	2
50370-12-2	D002434	Cefadroxil	1
34444-01-4	D002435	Cefamandole	1
25953-19-9	D002437	Cefazolin	1
76610-84-9	C035978	cefbuperazone	3
88040-23-7	D000077723	Cefepime	1
79350-37-1	D020682	Cefixime	3
69739-16-8	C033356	cefodizime	1
63527-52-6	D002439	Cefotaxime	1
69712-56-7	D015313	Cefotetan	1
84957-29-9	C038950	cefpirome	2
82619-04-3	C053268	cefpodoxime	1
78439-06-2	D002442	Ceftazidime	2
73384-59-5	D002443	Ceftriaxone	6
64544-07-6	C040738	cefuroxime axetil	1
56980-93-9	D017272	Celiprolol	4
401925-43-7	C499879	celivarone	1
15686-71-2	D002506	Cephalexin	1
34919-98-7	C038931	cetamolol	2
83881-51-0	D017332	Cetirizine	1
6899-10-1	D000077286	Cetrimonium	1
135689-23-5	C087223	CGP 48369	1
154116-31-1	C089987	CGS 26303	1
94-41-7	D002599	Chalcone	1
16291-96-6	D002606	Charcoal	1
474-25-9	D002635	Chenodeoxycholic Acid	1
15879-93-3	D002698	Chloralose	1
305-03-3	D002699	Chlorambucil	1
56-75-7	D002701	Chloramphenicol	1
7701-62-4	D002714	Chlorisondamine	1
80-77-3	D002720	Chlormezanone	1
327-97-9	D002726	Chlorogenic Acid	2
54-05-7	D002738	Chloroquine	2
50-63-5	C023676	chloroquine diphosphate	2
58-94-6	D002740	Chlorothiazide	2
54749-90-5	C007028	chlorozotocin	1
132-22-9	D002744	Chlorpheniramine	5
50-53-3	D002746	Chlorpromazine	1
94-20-2	D002747	Chlorpropamide	2
77-36-1	D002752	Chlorthalidone	2
67-97-0	D002762	Cholecalciferol	2
7440-47-3	D002857	Chromium	3
804-10-4	D002866	Chromonar	4
480-40-0	C043561	chrysin	4
54063-29-5	C004566	cicarperone	1
29342-05-0	D000077768	Ciclopirox	1
53267-01-9	C032151	cifenline	2
74772-77-3	C039671	ciglitazone	3
92077-78-6	D017315	Cilazapril	7
132203-70-4	C065927	cilnidipine	2
73963-72-1	D000077407	Cilostazol	2
138330-18-4	C071542	cimadronate	1
51481-61-9	D002927	Cimetidine	1
298-57-7	D002936	Cinnarizine	1
28657-80-9	D002937	Cinoxacin	1
85721-33-1	D002939	Ciprofloxacin	8
15663-27-1	D002945	Cisplatin	6
59729-33-8	D015283	Citalopram	3
106-23-0	C108217	citronellal	1
4291-63-8	D017338	Cladribine	1
81103-11-9	D017291	Clarithromycin	10
15686-51-8	D002974	Clemastine	1
111659-76-8	C056595	clentiazem	1
18323-44-9	D002981	Clindamycin	2
10596-23-3	D004002	Clodronic Acid	2
637-07-0	D002994	Clofibrate	7
68379-02-2	C022799	clofilium	1
1622-61-3	D002998	Clonazepam	1
4205-90-7	D003000	Clonidine	7
636-54-4	D003005	Clopamide	1
17780-72-2	D003010	Clorgyline	1
23593-75-1	D003022	Clotrimazole	5
14325-03-2	C007095	cobaltiprotoporphyrin	3
7646-79-9	C018021	cobaltous chloride	2
50-36-2	D003042	Cocaine	1
8001-69-2	D003060	Cod Liver Oil	2
76-57-3	D003061	Codeine	1
64-86-8	D003078	Colchicine	2
50925-79-6	D003084	Colestipol	1
138605-00-2	D005576	Colforsin	2
1066-17-7	D003091	Colistin	2
7440-50-8	D003300	Copper	3
23094-69-1	C049096	corilagin	1
50-22-6	D003345	Corticosterone	1
96118-75-1	C045089	corticotropin releasing hormone (9-41)	1
91-64-5	C030123	coumarin	1
6903-79-3	C100173	creatinol phosphate	2
42553-65-1	C029036	crocin	5
94470-67-4	D019806	Cromakalim	2
15826-37-6	D004205	Cromolyn Sodium	4
142-71-2	C015092	cupric acetate	1
458-37-7	D003474	Curcumin	18
420-04-2	D003484	Cyanamide	1
60-92-4	D000242	Cyclic AMP	1
4449-51-8	C000541	cyclopamine	1
742-20-1	D003518	Cyclopenthiazide	2
50-18-0	D003520	Cyclophosphamide	4
68-41-7	D003523	Cycloserine	2
59865-13-3	D016572	Cyclosporine	2
2259-96-3	C004639	cyclothiazide	1
860-79-7	C032939	cyclovirobuxine D	2
129-03-3	D003533	Cyproheptadine	3
60-23-1	D003543	Cysteamine	1
147-94-4	D003561	Cytarabine	1
4342-03-4	D003606	Dacarbazine	1
486-66-8	C004742	daidzein	3
83513-48-8	C035838	danaparoid	1
17230-88-5	D003613	Danazol	1
7261-97-4	D003620	Dantrolene	2
80-08-0	D003622	Dapsone	2
103060-53-3	D017576	Daptomycin	1
20830-81-3	D003630	Daunorubicin	1
524-17-4	C035934	dauricine	1
133360-41-5	C068766	davallialactone	1
78218-09-4	C029166	dazoxiben	2
35231-36-8	C039678	deacetylmoxisylyte	1
16679-58-6	D003894	Deamino Arginine Vasopressin	1
1131-64-2	D003647	Debrisoquin	1
2353-33-5	D000077209	Decitabine	3
30652-11-0	D000077543	Deferiprone	1
70-51-9	D003676	Deferoxamine	1
522-17-8	C107676	deguelin	2
53-43-0	D003687	Dehydroepiandrosterone	2
83435-67-0	C047759	delapril	1
13270-61-6	C017185	delphinidin	1
127-33-3	D003707	Demeclocycline	1
71771-90-9	C037293	denopamine	1
154-17-6	D003847	Deoxyglucose	1
51481-10-8	C007262	deoxynivalenol	1
50-47-5	D003891	Desipramine	2
64-85-7	D003900	Desoxycorticosterone	1
50-02-2	D003907	Dexamethasone	17
21888-98-2	D003909	Dexetimide	1
3239-44-9	D020372	Dexfenfluramine	3
113775-47-6	D020927	Dexmedetomidine	4
9004-54-0	D003911	Dextrans	2
125-71-3	D003915	Dextromethorphan	3
125-73-5	D003917	Dextrorphan	1
28197-69-5	C025527	diacetolol	1
2050-87-5	C042577	diallyl trisulfide	3
439-14-5	D003975	Diazepam	3
364-98-7	D003981	Diazoxide	3
19395-87-0	D012531	Dibenz(b,f)(1,4)oxazepine-10(11H)-carboxylic acid, 8-chloro-, 2-acetylhydrazide	1
2786-08-5	C026164	dibenzothiophene-4-carboxylic acid	1
15307-86-5	D004008	Diclofenac	4
66-76-2	D001728	Dicumarol	2
69655-05-6	D016049	Didanosine	1
90-89-1	D004049	Diethylcarbamazine	1
117-81-7	D004051	Diethylhexyl Phthalate	1
90-84-6	D004053	Diethylpropion	1
56-53-1	D004054	Diethylstilbestrol	1
22494-42-4	D004061	Diflunisal	1
21626-89-1	C100108	diftalone	1
752-61-4	C034791	digitalin	1
71-63-6	D004074	Digitoxin	6
20830-75-5	D004077	Digoxin	11
484-23-1	D004078	Dihydralazine	3
125-28-0	C014481	dihydrocodeine	2
17479-19-5	D025442	Dihydroergocristine	2
511-12-6	D004087	Dihydroergotamine	3
11032-41-0	D004088	Dihydroergotoxine	1
5490-27-7	D004096	Dihydrostreptomycin Sulfate	1
42399-41-7	D004110	Diltiazem	16
36304-82-2	C012621	dimemorfan	1
523-87-5	D004111	Dimenhydrinate	1
59-52-9	D004112	Dimercaprol	1
22950-29-4	C100197	dimethophrine	1
67-68-5	D004121	Dimethyl Sulfoxide	1
908-54-3	C003915	diminazene aceturate	1
13699-48-4	D004134	Dimyristoylphosphatidylcholine	1
61361-72-6	C002773	dimyristoylphosphatidylglycerol	1
29091-05-2	C002049	dinitramine	1
363-24-6	D015232	Dinoprostone	4
512-04-9	D004144	Diosgenin	1
520-27-4	D004145	Diosmin	1
58-73-1	D004155	Diphenhydramine	6
17692-31-8	C035916	dipropizine	1
58-32-2	D004176	Dipyridamole	8
3737-09-5	D004206	Disopyramide	10
97-77-8	D004221	Disulfiram	2
77086-22-7	D016291	Dizocilpine Maleate	2
34368-04-2	D004280	Dobutamine	10
25167-62-8	D004281	Docosahexaenoic Acids	7
115256-11-6	C063533	dofetilide	4
57808-66-9	D004294	Domperidone	2
120011-70-3	D000077265	Donepezil	2
51-61-6	D004298	Dopamine	5
64019-03-0	C051309	doqualast	1
74191-85-8	D017292	Doxazosin	4
1668-19-5	D004316	Doxepin	1
3094-09-5	C025034	doxifluridine	1
69975-86-6	C029797	doxofylline	1
23214-92-8	D004317	Doxorubicin	3
564-25-0	D004318	Doxycycline	4
548-73-2	D004329	Droperidol	3
3176-03-2	C001387	drotebanol	1
23651-95-8	D015103	Droxidopa	1
62078-98-2	C012102	DSP 4	1
120608-46-0	C068645	duteplase	1
152-62-5	D004394	Dydrogesterone	1
74913-18-1	D004399	Dynorphins	1
479-18-5	D004400	Dyphylline	1
113558-89-7	C063968	E 4031	1
60940-34-3	C042986	ebselen	1
510-30-5	C022999	echinocystic acid	1
89-25-8	D000077553	Edaravone	1
480449-70-5	C552171	edoxaban	1
312-48-1	D004491	Edrophonium	2
89197-32-0	C062597	efaroxan	1
111011-53-1	C066425	efonidipine	1
1553-41-9	D015118	Eicosapentaenoic Acid	4
119413-55-7	C063839	elgodipine	1
476-66-4	D004610	Ellagic Acid	1
156001-18-2	C109119	embusartan	1
518-82-1	D004642	Emodin	1
75847-73-3	D004656	Enalapril	16
84680-54-6	D015773	Enalaprilat	4
66778-36-7	D016700	Encainide	2
13838-16-9	D004737	Enflurane	2
100929-53-1	D020875	Enkephalin, Ala(2)-MePhe(4)-Gly(5)-	1
63631-40-3	D016308	Enkephalin, Leucine-2-Alanine	1
74011-58-8	D015365	Enoxacin	3
77671-31-9	D017335	Enoximone	4
41078-02-8	C034347	enprofylline	2
167256-08-8	C098288	enrasentan	1
39424-54-9	C034959	enterotoxin C, staphylococcal	1
69267-68-1	C026586	EO 122	1
299-42-3	D004809	Ephedrine	5
989-51-5	C045651	epigallocatechin gallate	8
80012-43-7	C053090	epinastine	1
51-43-4	D004837	Epinephrine	11
56420-45-2	D015251	Epirubicin	1
35121-78-9	D011464	Epoprostenol	6
84611-23-4	C048498	erdosteine	1
113-15-5	D004878	Ergotamine	1
552-58-9	C007619	eriodictyol	1
132051-67-3	C084060	eristostatin	1
114-07-8	D004917	Erythromycin	3
643-22-1	C011462	erythromycin stearate	1
305-01-1	C007628	esculetin	2
84057-94-3	C036604	esmolol	5
50-28-2	D004958	Estradiol	7
50-27-1	D004964	Estriol	1
22668-01-5	D017341	Etanidazole	1
58-54-8	D004976	Ethacrynic Acid	1
74-55-5	D004977	Ethambutol	4
64-17-5	D000431	Ethanol	3
57-63-6	D004997	Ethinyl Estradiol	3
8056-51-7	D019304	Ethinyl Estradiol-Norgestrel Combination	1
536-33-4	D005000	Ethionamide	1
617-35-6	C046522	ethyl pyruvate	1
2809-21-4	D012968	Etidronic Acid	1
709-55-7	D005039	Etilefrine	2
41340-25-4	D017308	Etodolac	2
82258-36-4	C054207	etomoxir	1
33419-42-0	D005047	Etoposide	1
202409-33-4	D000077613	Etoricoxib	3
470-82-6	D000077591	Eucalyptol	1
97-53-0	D005054	Eugenol	2
5956-87-6	C049639	evodiamine	2
141732-76-5	D000077270	Exenatide	2
102676-47-1	D017316	Fadrozole	1
77862-92-1	C030532	falipamil	1
76824-35-6	D015738	Famotidine	5
103745-39-7	C049347	fasudil	3
72509-76-3	D015736	Felodipine	4
34645-84-6	C012970	fenclofenac	1
13042-18-7	D005275	Fendiline	1
458-24-2	D005277	Fenfluramine	2
49562-28-9	D011345	Fenofibrate	3
67227-56-9	D018818	Fenoldopam	1
31879-05-7	D005279	Fenoprofen	2
13392-18-2	D005280	Fenoterol	2
65646-68-6	D017313	Fenretinide	2
437-38-7	D005283	Fentanyl	4
1135-24-6	C004999	ferulic acid	5
136087-85-9	C077139	fidarestat	1
247257-48-3	C558933	fimasartan	1
94936-90-0	C062761	FK 664	1
146-14-5	D005182	Flavin-Adenine Dinucleotide	2
54143-55-4	D005424	Flecainide	8
79660-72-3	D016576	Fleroxacin	1
98206-10-1	C056895	flesinoxan	1
87721-62-8	C047847	flestolol	4
5250-39-5	D005436	Floxacillin	1
50-91-9	D005467	Floxuridine	1
86386-73-4	D015725	Fluconazole	5
2022-85-7	D005437	Flucytosine	3
21679-14-1	C024352	fludarabine	1
127-31-1	D005438	Fludrocortisone	2
514-36-3	C034635	fludrocortisone acetate	1
530-78-9	D005439	Flufenamic Acid	1
957-56-2	C017673	fluindione	2
78755-81-4	D005442	Flumazenil	2
52468-60-7	D005444	Flunarizine	2
1622-62-4	D005445	Flunitrazepam	1
51-21-8	D005472	Fluorouracil	4
54910-89-3	D005473	Fluoxetine	3
105182-45-4	C065161	fluparoxan	1
17617-23-1	D005479	Flurazepam	1
5104-49-4	D005480	Flurbiprofen	1
406-90-6	C084587	fluroxene	1
28125-87-3	C010227	flutonidine	1
93957-54-1	D000077340	Fluvastatin	5
54739-18-3	D016666	Fluvoxamine	1
59-30-3	D005492	Folic Acid	8
50773-42-7	C067584	formosanin C	2
23155-02-4	D005578	Fosfomycin	2
98048-97-6	D017328	Fosinopril	3
93390-81-9	C043114	fosphenytoin	1
142375-60-8	C079574	FR 139317	1
102671-35-2	C073992	FR 64822	1
488-69-7	C029063	fructose-1,6-diphosphate	1
9072-19-9	C007789	fucoidan	1
23110-15-8	C026211	fumagillin	2
85666-17-7	C039936	furegrelate	1
54-31-9	D005665	Furosemide	9
78272-90-9	C034341	fusaric acid N,N-diethylaminoethylamide	1
6990-06-3	D005672	Fusidic Acid	1
149-91-7	D005707	Gallic Acid	3
16662-47-8	D005711	Gallopamil	3
56-12-2	D005680	gamma-Aminobutyric Acid	1
112811-59-3	D000077734	Gatifloxacin	1
103882-84-4	C056507	gemcitabine	3
25812-30-0	D015248	Gemfibrozil	3
446-72-0	D019833	Genistein	6
624-15-7	C007836	geraniol	11
1391-73-7	C007845	gingerol	1
22910-60-7	C112485	ginkgolic acid	1
99796-69-7	C045856	ginkgolide B	1
52705-93-8	C049863	ginsenoside Rd	1
52286-59-6	C049864	ginsenoside Re	4
22427-39-0	C035054	ginsenoside Rg1	2
59870-68-7	C107601	glabridin	1
5630-11-5	C005004	glaucine	1
79498-31-0	C055124	glaucocalyxin A	1
21187-98-4	D005907	Gliclazide	3
29094-61-9	D005913	Glipizide	2
9007-92-5	D005934	Glucagon	2
526-95-4	C030691	gluconic acid	1
3416-24-8	D005944	Glucosamine	2
50-99-7	D005947	Glucose	1
70-18-8	D005978	Glutathione	3
10238-21-8	D005905	Glyburide	4
596-51-0	D006024	Glycopyrrolate	3
7440-57-5	D006046	Gold	1
12244-57-4	D006052	Gold Sodium Thiomalate	1
126-07-8	D006118	Griseofulvin	2
93-14-1	D006140	Guaifenesin	3
5051-62-7	D006143	Guanabenz	1
40580-59-4	C004945	guanadrel	1
55-65-2	D006145	Guanethidine	3
29110-47-2	D016316	Guanfacine	3
2165-19-7	C073344	guanoxan	1
83843-49-6	C052565	GYKI 23107	1
52-86-8	D006220	Haloperidol	2
151-67-7	D006221	Halothane	2
69806-34-4	C054176	haloxyfop	1
442-51-3	D006247	Harmine	1
100438-92-4	C048849	heme arginate	2
312-45-8	D006426	Hemicholinium 3	2
16009-13-5	D006427	Hemin	2
9005-49-6	D006493	Heparin	13
372-66-7	D006535	Heptaminol	1
520-33-2	C013015	hesperetin	2
520-26-3	D006569	Hesperidin	1
9011-04-5	D006583	Hexadimethrine Bromide	1
60-26-4	D018738	Hexamethonium	2
140703-51-1	C086184	hexarelin	1
19202-36-9	C060299	hinokiflavone	1
51-45-6	D006632	Histamine	1
35354-74-6	C005499	honokiol	5
86-54-4	D006830	Hydralazine	6
58-93-5	D006852	Hydrochlorothiazide	4
14124-50-6	C020743	hydrochlorothiazide-triamterene	1
125-29-1	D006853	Hydrocodone	1
50-23-7	D006854	Hydrocortisone	9
7783-06-4	D006862	Hydrogen Sulfide	1
118-42-3	D006886	Hydroxychloroquine	3
127-07-1	D006918	Hydroxyurea	1
15687-27-1	D007052	Ibuprofen	4
130350-52-6	C067192	ibutilide	3
489-32-7	C056599	icariin	1
130308-48-4	C065679	icatibant	1
72795-19-8	C026777	ICI 118551	2
103961-78-0	C058219	ICI 195739	1
143494-72-8	C081112	ICI D8731	2
79944-58-4	D019329	Idazoxan	4
127420-24-0	C076966	idrapril	1
23210-56-2	C010739	ifenprodil	1
3778-73-2	D007069	Ifosfamide	2
78919-13-8	D016285	Iloprost	5
89371-37-9	C065166	imidapril	3
74431-23-5	D015378	Imipenem	1
482-44-0	C031534	imperatorin	1
26807-65-8	D007190	Indapamide	3
74517-78-5	C042398	indecainide	1
150378-17-9	D019469	Indinavir	1
80876-01-3	C038812	Indolapril	1
700-06-1	C016517	indole-3-carbinol	1
53-86-1	D007213	Indomethacin	17
31842-01-0	D007216	Indoprofen	1
26844-12-2	D007217	Indoramin	1
8067-59-2	C001451	Innovar	1
58-63-9	D007288	Inosine	1
86-04-4	D007290	Inosine Diphosphate	1
6917-35-7	D007294	Inositol	1
9005-80-5	D007444	Inulin	1
7553-56-2	D007455	Iodine	1
60205-81-4	D009241	Ipratropium	3
54-92-2	D007490	Iproniazid	1
138402-11-6	D000077405	Irbesartan	8
59-63-2	D007520	Isocarboxazid	1
26675-46-7	D007530	Isoflurane	4
961-29-5	C040920	isoliquiritigenin	1
54-85-3	D007538	Isoniazid	3
7683-59-2	D007545	Isoproterenol	13
21637-25-2	C016527	isoquercitrin	1
87-33-2	D007548	Isosorbide Dinitrate	11
16051-77-7	C030397	isosorbide-5-mononitrate	5
95508-61-5	C044170	isoteolin	1
4759-48-2	D015474	Isotretinoin	1
395-28-8	D007556	Isoxsuprine	1
75695-93-1	D017275	Isradipine	5
84625-61-6	D017964	Itraconazole	8
70288-86-7	D007559	Ivermectin	1
219989-84-1	C430592	ixabepilone	1
520-18-3	C006552	kaempferol	3
19895-95-5	C064309	kaempferol 3-O-sophoroside	1
59-01-8	D007612	Kanamycin	1
6740-88-1	D007649	Ketamine	2
74050-98-9	D007650	Ketanserin	3
65277-42-1	D007654	Ketoconazole	6
22071-15-4	D007660	Ketoprofen	4
34580-13-7	D007665	Ketotifen	3
134186-26-8	C083109	KF 14124	2
139298-40-1	C072105	KN 93	2
105394-80-7	C051271	KT 362	1
111466-41-2	C054290	L 657743	1
36894-69-6	D007741	Labetalol	9
17575-22-3	C018548	lanatoside C	1
75706-12-6	D000077339	Leflunomide	1
24697-74-3	C013587	leonurine	2
100427-26-7	C060343	lercanidipine	1
58-05-9	D002955	Leucovorin	2
14769-73-4	D007978	Levamisole	1
797-63-7	D016912	Levonorgestrel	1
113759-50-5	C059213	LF 2-0254	1
137-58-6	D008012	Lidocaine	11
9005-53-2	D008031	Lignin	1
154-21-2	D008034	Lincomycin	1
2197-37-7	D019787	Linoleic Acid	2
8001-26-1	D008043	Linseed Oil	1
83915-83-7	D017706	Lisinopril	5
7439-93-2	D008094	Lithium	4
7447-41-8	D018021	Lithium Chloride	3
61742-10-7	C022826	lithium hydroxybutyrate	2
434-13-9	D008095	Lithocholic Acid	2
90520-42-6	C045251	LND 623	1
13010-47-4	D008130	Lomustine	1
79794-75-5	D017336	Loratadine	2
846-49-1	D008140	Lorazepam	1
114798-26-4	D019808	Losartan	12
75330-75-5	D008148	Lovastatin	4
545-47-1	C010480	lupeol	1
127-40-2	D014975	Lutein	2
491-70-3	D047311	Luteolin	1
63676-25-5	C025430	LY 117018	2
88107-10-2	C044660	LY 171883	2
476-28-8	C015330	lycorine	1
7439-95-4	D008274	Magnesium	9
7786-30-3	D015636	Magnesium Chloride	1
7487-88-9	D008278	Magnesium Sulfate	6
528-43-8	C005498	magnolol	3
4773-96-0	C013592	mangiferin	4
6147-11-1	C021053	mangostin	2
89226-50-6	C054218	manidipine	1
69-65-8	D008353	Mannitol	4
8029-82-1	D008383	Margarine	1
22232-71-9	D008454	Mazindol	2
98326-33-1	C052228	MCI 154	1
94985-29-2	C048349	MDL 72567	2
60-40-2	D008464	Mecamylamine	1
644-62-2	D008469	Meclofenamic Acid	1
30685-43-9	D008520	Medigoxin	1
520-85-4	D008525	Medroxyprogesterone	2
71-58-9	D017258	Medroxyprogesterone Acetate	2
61-68-7	D008528	Mefenamic Acid	3
53230-10-7	D015767	Mefloquine	1
73-31-4	D008550	Melatonin	9
20449-79-0	D008555	Melitten	1
71125-38-7	D000077239	Meloxicam	2
148-82-3	D008558	Melphalan	2
46464-11-3	C032896	meobentine	1
57-42-1	D008614	Meperidine	1
100-92-5	D008616	Mephentermine	1
104713-75-9	C050699	mepirodipine	1
7439-97-6	D008628	Mercury	1
96036-03-2	D000077731	Meropenem	1
19767-45-4	D015080	Mesna	1
586-06-1	D009921	Metaproterenol	2
54-49-9	D008680	Metaraminol	1
657-24-9	D008687	Metformin	9
62-51-1	D016210	Methacholine Chloride	1
91-80-5	D008701	Methapyrilene	1
554-57-4	D008704	Methazolamide	1
61-32-5	D008712	Methicillin	1
60-56-0	D008713	Methimazole	3
59-05-2	D008727	Methotrexate	12
390-28-3	D008729	Methoxamine	1
298-81-7	D008730	Methoxsalen	1
76-38-0	D008733	Methoxyflurane	1
135-07-9	D008736	Methyclothiazide	1
31610-87-4	C006649	methylatropine	1
555-30-6	D008750	Methyldopa	2
61-73-4	D008751	Methylene Blue	1
21019-30-7	C054634	methyllycaconitine	1
83-43-2	D008775	Methylprednisolone	11
2921-57-5	D008776	Methylprednisolone Hemisuccinate	6
28109-92-4	C008514	methylxanthine	1
34839-70-8	D008785	Metiamide	1
22664-55-7	D014290	Metipranolol	1
364-62-5	D008787	Metoclopramide	1
17560-51-9	D008788	Metolazone	1
37350-58-6	D008790	Metoprolol	21
443-48-1	D008795	Metronidazole	2
3575-80-2	C008522	metylperon	1
54-36-4	D008797	Metyrapone	1
31828-71-4	D008801	Mexiletine	5
116644-53-2	D020748	Mibefradil	5
22916-47-8	D008825	Miconazole	3
59467-70-8	D008874	Midazolam	4
42794-76-3	D008879	Midodrine	3
84371-65-3	D015735	Mifepristone	1
78415-72-2	D020105	Milrinone	4
10118-90-8	D008911	Minocycline	5
38304-91-5	D008914	Minoxidil	3
13551-87-6	D008920	Misonidazole	1
59122-46-2	D016595	Misoprostol	2
50-07-7	D016685	Mitomycin	2
106791-40-6	D000077590	Mivacurium	1
27737-38-8	C017540	mixidine	1
42794-63-8	C006054	MK 142	1
65321-41-7	C021276	MK 761	1
118414-82-7	C060893	MK-886	4
109376-83-2	C070571	ML 7	1
105637-50-1	C056218	ML 9	1
71320-77-9	D020912	Moclobemide	1
68693-11-8	D000077408	Modafinil	1
103775-10-6	C058302	moexipril	1
119637-67-1	C087933	moguisteine	1
25717-80-0	D008981	Molsidomine	2
7728-40-7	C001173	monoethylglycinexylidide	1
158966-92-8	C093875	montelukast	4
31883-05-3	D016293	Moricizine	2
74135-04-9	C028889	morphiceptin	1
57-27-2	D009020	Morphine	9
3098-60-0	C073333	morphocycline	1
54-32-0	D013948	Moxisylyte	1
107189-96-8	C059136	MS 857	1
24280-93-1	D009173	Mycophenolic Acid	1
529-44-2	C040015	myricetin	1
17912-87-7	C008577	myricitrin	1
123653-11-2	C080955	N-(2-cyclohexyloxy-4-nitrophenyl)methanesulfonamide	4
120008-53-9	C065126	N-(8-amino-1-carboxyoctyl)-alanyl-proline	1
98983-21-2	C046808	N-benzyladriamycin-14-valerate	1
134431-49-5	C070492	N-cyano-N'-(2-nitroxyethyl)-3-pyridinecarboximidamide methanesulfonate	2
108935-64-4	C069015	N-isobutyl-1,2-diphenylethanolamine	1
54852-85-6	C069013	N-methyl-1,2-diphenylethanolamine	1
29199-61-9	C014672	N-methyllidocaine	1
73232-50-5	C041269	N-methylnaloxone	2
16858-02-9	C044387	N,N,N',N'-tetrakis(2-pyridylmethyl)ethylenediamine	1
36396-99-3	C027513	N(6)-cyclohexyladenosine	1
42924-53-8	D000077430	Nabumetone	1
42200-33-9	D009248	Nadolol	6
147-52-4	D009254	Nafcillin	2
20594-83-6	D009266	Nalbuphine	1
82824-01-9	C034643	naloxonazine	1
465-65-6	D009270	Naloxone	7
16590-41-3	D009271	Naltrexone	2
360-70-3	D000077603	Nandrolone Decanoate	1
37229-16-6	C043836	naphthalan	3
91-20-3	C031721	naphthalene	1
32358-83-1	C073873	naphtho(1,2-b)furan-4,5-dione	1
22204-53-1	D009288	Naproxen	5
480-41-1	C005273	naringenin	3
10236-47-2	C005274	naringin	7
7681-93-8	D010866	Natamycin	1
105816-04-4	D000077715	Nateglinide	1
114471-18-0	D020097	Natriuretic Peptide, Brain	1
69049-73-6	D017835	Nedocromil	1
1404-04-2	D009355	Neomycin	2
59-99-4	D009388	Neostigmine	3
98-92-0	D009536	Niacinamide	1
76252-06-7	C047768	nicainoprol	1
55985-32-5	D009529	Nicardipine	10
27848-84-6	D009530	Nicergoline	1
50-65-7	D009534	Niclosamide	3
65141-46-0	D020108	Nicorandil	5
100-55-0	D009540	Nicotinyl Alcohol	1
21829-25-4	D009543	Nifedipine	26
5054-57-9	C100250	nifenalol	1
51803-78-2	C012655	nimesulide	8
66085-59-4	D009553	Nimodipine	2
42471-28-3	D015376	Nimustine	1
63675-72-9	D015737	Nisoldipine	7
146-22-5	D009567	Nitrazepam	1
39562-70-4	D009568	Nitrendipine	5
7697-37-2	D017942	Nitric Acid	1
10102-43-9	D009569	Nitric Oxide	10
59-87-0	D009583	Nitrofurazone	1
55-63-0	D005996	Nitroglycerin	15
15078-28-1	D009599	Nitroprusside	9
105618-26-6	C051844	norbinaltorphimine	1
51-41-2	D009638	Norepinephrine	6
38673-38-0	D000077563	Norethindrone Acetate	3
536-21-0	C005310	norfenefrine	1
72-69-5	D009661	Nortriptyline	2
128-62-1	D009665	Noscapine	1
125068-43-1	C082247	NSP 804	1
125068-54-4	C082248	NSP 805	1
1400-61-9	D009761	Nystatin	1
37612-09-2	C033635	O-demethylencainide	1
114-90-9	D009768	Obidoxime Chloride	1
83150-76-9	D015282	Octreotide	2
82419-36-1	D015242	Ofloxacin	10
508-02-1	D009828	Oleanolic Acid	2
32619-42-4	C002769	oleuropein	2
119615-63-3	C059498	olprinone	1
99614-02-5	D017294	Ondansetron	2
96829-58-2	D000077403	Orlistat	6
50808-49-6	C010269	Ornade	1
19044-88-3	C012465	oryzalin	1
484-12-8	C046627	osthol	1
102394-31-0	C048593	otenzepad	1
630-60-4	D010042	Ouabain	1
66-79-5	D010068	Oxacillin	1
1199-18-4	D016627	Oxidopamine	2
30286-75-0	C017590	oxitropium	1
70-22-4	D010095	Oxotremorine	2
6452-71-7	D010096	Oxprenolol	9
15687-41-9	D010099	Oxyfedrine	1
7782-44-7	D010100	Oxygen	5
16837-52-8	C037573	oxymatrine	1
1491-59-4	D010109	Oxymetazoline	1
76-41-5	D010111	Oxymorphone	1
129-20-4	D010113	Oxyphenbutazone	1
2465-59-0	D010117	Oxypurinol	1
82571-53-7	C034364	ozagrel	2
10028-15-6	D010126	Ozone	1
40391-99-9	D000077268	Pamidronate	2
58-74-2	D010208	Papaverine	1
311-45-5	D010261	Paraoxon	1
47082-97-3	C013364	pargolol	2
555-57-7	D010293	Pargyline	2
153049-49-1	C082887	PD 145065	1
70458-92-3	D015366	Pefloxacin	5
36507-48-9	D010394	Penbutolol	1
52-67-5	D010396	Penicillamine	3
61-33-6	D010400	Penicillin G	2
6130-64-9	D010402	Penicillin G Procaine	1
87-08-1	D010404	Penicillin V	1
49776-64-9	C074968	pentaacetyl geniposide	1
78-11-5	D010417	Pentaerythritol Tetranitrate	2
100-33-4	D010419	Pentamidine	1
359-83-1	D010423	Pentazocine	1
76-74-4	D010424	Pentobarbital	1
52-62-0	D010425	Pentolinium Tartrate	2
6493-05-6	D010431	Pentoxifylline	7
23180-57-6	C015423	peoniflorin	1
66104-22-1	D010479	Pergolide	2
6621-47-2	D010480	Perhexiline	2
6724-53-4	C023470	perhexiline maleate	3
82834-16-0	D020913	Perindopril	5
95153-31-4	C053500	perindoprilat	1
163251-41-0	C104857	PH 163	1
21784-30-5	C100294	phendimetrazine	1
51-71-8	D010624	Phenelzine	1
114-86-3	D010629	Phenformin	1
83-12-5	D010630	Phenindione	2
50-06-6	D010634	Phenobarbital	1
59-96-1	D010643	Phenoxybenzamine	3
435-97-2	D010644	Phenprocoumon	1
122-09-8	D010645	Phentermine	2
50-60-2	D010646	Phentolamine	10
3376-24-7	C029217	phenyl-N-tert-butylnitrone	1
50-33-9	D010653	Phenylbutazone	3
59-42-7	D010656	Phenylephrine	4
14838-15-4	D010665	Phenylpropanolamine	7
57-41-0	D010672	Phenytoin	6
36357-77-4	C008890	phosphoramidon	1
57-47-6	D010830	Physostigmine	8
83-86-3	D010833	Phytic Acid	1
150-86-7	D010836	Phytol	1
39325-01-4	D010844	Picibanil	2
124-87-8	D010852	Picrotoxin	1
92-13-7	D010862	Pilocarpine	2
88069-49-2	C042288	pilsicainide	2
79-17-4	C004479	pimagedine	2
74150-27-9	C041648	pimobendan	3
85371-64-8	D020110	Pinacidil	5
13523-86-9	D010869	Pindolol	3
111025-46-8	D000077205	Pioglitazone	6
61477-96-1	D010878	Piperacillin	1
157044-21-8	D000077725	Piperacillin, Tazobactam Drug Combination	1
110-85-0	D000077489	Piperazine	1
7780-20-3	C008922	piperine	1
59-39-2	D010883	Piperoxan	2
38677-81-5	C009118	pirbuterol	2
28797-61-7	D010890	Pirenzepine	1
53179-13-8	C093844	pirfenidone	3
50892-23-4	C006253	pirinixic acid	3
61477-94-9	C024318	pirmenol	1
36322-90-4	D010894	Piroxicam	5
31793-07-4	C008924	pirprofen	1
147511-69-1	C108475	pitavastatin	1
104777-68-6	C421173	plantamajoside	1
58479-68-8	C108953	platycodin D	4
106392-12-5	D020442	Poloxamer	1
65914-17-2	C058229	polydatin	1
9015-56-9	D011097	Polygeline	1
25104-18-1	D011107	Polylysine	1
346-18-9	D011139	Polythiazide	2
78664-73-0	C055448	posatirelin	1
7440-09-7	D011188	Potassium	5
7447-40-7	D011189	Potassium Chloride	2
6673-35-4	D011217	Practolol	3
35080-11-6	D011219	Prajmaline	2
50643-33-9	C002616	pranolium	1
81093-37-0	D017035	Pravastatin	7
19216-56-9	D011224	Prazosin	7
50-24-8	D011239	Prednisolone	11
2920-86-7	C021322	prednisolone hemisuccinate	1
53-03-2	D011241	Prednisone	10
95975-55-6	C023617	pregna-4,17-diene-3,16-dione	4
390-64-7	D011299	Prenylamine	2
69-43-2	C053347	prenylamine lactate	1
57-66-9	D011339	Probenecid	2
23288-49-5	D011341	Probucol	5
51-06-9	D011342	Procainamide	11
59-46-1	D011343	Procaine	1
72332-33-3	D017265	Procaterol	1
29106-49-8	C479580	procyanidin B2	1
57-83-0	D011374	Progesterone	2
135467-92-4	C066229	prolinedithiocarbamate	2
54-80-8	C084832	pronethalol	1
54063-53-5	D011405	Propafenone	6
17298-37-2	C003223	propionylcarnitine	1
96513-83-6	C045930	propisomide	1
2078-54-8	D015742	Propofol	1
9009-62-5	D011429	Propolis	1
525-66-6	D011433	Propranolol	23
51-52-5	D011441	Propylthiouracil	1
23476-83-7	D011447	Prospidium	1
14152-28-4	C100573	prostaglandin A1	1
438-60-8	D011530	Protriptyline	1
603-00-9	C003237	proxyphylline	2
90-82-4	D054199	Pseudoephedrine	4
4721-07-7	C034912	puag-haad	1
3681-99-0	C033607	puerarin	3
98-96-4	D011718	Pyrazinamide	2
101-26-8	D011729	Pyridostigmine Bromide	1
85-87-0	D011733	Pyridoxamine	1
58-14-0	D011739	Pyrimethamine	1
25769-03-3	C020972	pyrrolidine dithiocarbamic acid	3
7187-62-4	C024631	pyrvinium	1
117-39-5	D011794	Quercetin	15
86073-85-0	C037907	quinacainol	1
83-89-6	D011796	Quinacrine	2
82586-55-8	D000077583	Quinapril	6
82768-85-2	C054501	quinaprilat	1
5714-76-1	C017700	quinetolate	1
56-54-2	D011802	Quinidine	10
747-45-5	C009764	quinidine bisulfate	1
126602-89-9	C062940	quinupristin-dalfopristin	1
104606-13-5	C054551	R 56865	1
87333-19-5	D017257	Ramipril	10
87269-97-4	C052549	ramiprilat	2
5471-51-2	C035522	raspberry ketone	1
21416-87-5	D011929	Razoxane	2
80125-14-0	D017330	Remoxipride	1
72679-47-1	C033437	rentiapril	1
50-55-5	D012110	Reserpine	2
133652-38-7	C087896	reteplase	3
36791-04-5	D012254	Ribavirin	2
72559-06-9	D017828	Rifabutin	1
13292-46-1	D012293	Rifampin	6
6998-60-3	C023808	rifamycin SV	1
54187-04-1	D000077769	Rilmenidine	2
13392-28-4	D012299	Rimantadine	1
158681-13-1	D000077285	Rimonabant	3
106266-06-2	D018967	Risperidone	1
26652-09-5	D012312	Ritodrine	3
120280-37-7	C062764	Ro 31-6930	1
61413-54-5	D020889	Rolipram	3
83-79-4	D012402	Rotenone	1
170449-18-0	C101044	RTKI cpd	2
169939-94-0	C099154	ruboxistaurin	2
11103-72-3	D012430	Ruthenium Red	2
153-18-4	D012431	Rutin	3
15662-33-6	D012433	Ryanodine	2
150863-82-4	C079198	S 1 (combination)	1
112966-96-8	C056566	S 145	1
91403-55-3	C042254	S 9871	1
21593-77-1	C065299	S-allylcysteine	1
8001-23-8	D012450	Safflower Oil	1
69-72-7	D020156	Salicylic Acid	1
53003-10-4	C010327	salinomycin	1
146613-90-3	C089586	saprisartan potassium	1
34273-10-4	D012504	Saralasin	1
86819-20-7	C064294	sarpogrelate	4
96914-40-8	C051827	SC 36602	1
7782-49-2	D012643	Selenium	2
101526-62-9	C062818	sematilide	1
13909-09-6	D012673	Semustine	1
99592-32-2	C061131	sertaconazole	1
79617-96-2	D020280	Sertraline	1
533-31-3	C025583	sesamol	1
106650-56-0	C058254	sibutramine	1
22888-70-6	D000077385	Silybin	1
131741-08-7	D000077464	Simendan	6
79902-63-9	D019821	Simvastatin	15
530-59-6	C073734	sinapinic acid	1
53123-88-9	D020123	Sirolimus	4
127373-66-4	C069195	sivelestat	1
141874-20-6	C074936	SL 84.0418	1
7440-23-5	D012964	Sodium	3
13768-07-5	C017947	sodium arsenite	1
144-55-8	D017693	Sodium Bicarbonate	4
16721-80-5	C025451	sodium bisulfide	2
72-17-3	D019354	Sodium Lactate	1
10102-18-8	D018038	Sodium Selenite	2
1191-50-0	D012981	Sodium Tetradecyl Sulfate	1
10102-17-7	C017717	sodium thiosulfate	1
3930-20-9	D013015	Sotalol	12
8001-22-7	D013024	Soybean Oil	1
90-39-1	D013034	Sparteine	1
83647-97-6	C052555	spirapril	1
52-01-7	D013148	Spironolactone	8
98299-61-7	C045749	SQ 29548	1
111-02-4	D013185	Squalene	1
7772-99-8	C023599	stannous chloride	2
57-92-1	D013307	Streptomycin	4
304-55-2	D004113	Succimer	1
306-40-1	D013390	Succinylcholine	1
68373-14-8	D013407	Sulbactam	1
68-35-9	D013411	Sulfadiazine	4
599-79-1	D012460	Sulfasalazine	3
66264-77-5	C030225	sulfinalol	1
57-96-5	D013442	Sulfinpyrazone	4
38194-50-2	D013467	Sulindac	3
59864-04-9	C025463	sulindac sulfone	1
73384-60-8	C029758	sulmazole	1
15676-16-1	D013469	Sulpiride	1
76497-13-7	C035444	sultamicillin	3
94-07-5	D013578	Synephrine	2
118-34-3	C028305	syringin	1
321-64-2	D013619	Tacrine	1
109581-93-3	D016559	Tacrolimus	4
94497-51-5	C061133	tamibarotene	2
10540-29-1	D013629	Tamoxifen	4
481-53-8	C059006	tangeretin	1
568-73-0	C021751	tanshinone	4
69659-80-9	C024894	tanshinone II A sodium sulfonate	1
107-35-7	D013654	Taurine	7
17902-23-7	D005641	Tegafur	2
61036-62-2	D017334	Teicoplanin	4
846-50-4	D013693	Temazepam	1
110221-44-8	C055603	temocapril hydrochloride	4
2226-96-2	C001803	tempol	2
120210-48-2	C062866	tenidap	1
59804-37-4	C032801	tenoxicam	2
35115-60-7	D013722	Teprotide	2
63590-64-7	C041226	Terazosin	1
91161-71-6	D000077291	Terbinafine	2
23031-25-6	D013726	Terbutaline	7
50679-08-8	D016593	Terfenadine	4
52232-67-4	D019379	Teriparatide	1
25683-71-0	C100142	terizidone	1
14636-12-5	D000077585	Terlipressin	2
83688-84-0	C005632	tertatolol	2
58694-52-3	C029738	tertiapin	1
58-22-0	D013739	Testosterone	3
58-46-8	D013747	Tetrabenazine	1
1746-01-6	D013749	Tetrachlorodibenzodioxin	2
60-54-8	D013752	Tetracycline	4
36062-04-1	C096277	tetrahydrocurcumin	2
70649-54-6	C050950	tetrakis(N-methyl-4-pyridiniumyl)porphine manganese(III) complex	1
80-12-6	C010349	tetramethylenedisulfotetramine	1
518-34-3	C009438	tetrandrine	1
16330-92-0	C020809	tetrathiomolybdate	1
4368-28-9	D013779	Tetrodotoxin	1
50-35-1	D013792	Thalidomide	4
4670-05-7	C056068	theaflavin	1
58-55-9	D013806	Theophylline	12
59-43-8	D013831	Thiamine	2
104-06-3	D013828	Thioacetazone	1
62-46-4	D008063	Thioctic Acid	4
76-75-5	D013874	Thiopental	1
50-52-2	D013881	Thioridazine	3
79-19-6	C005151	thiosemicarbazide	1
52-24-4	D013852	Thiotepa	1
89-83-8	D013943	Thymol	1
490-91-5	C003466	thymoquinone	3
7488-70-2	D013974	Thyroxine	1
31428-61-2	C010354	tiamenidine	1
57010-31-8	D013976	Tiapamil Hydrochloride	2
55142-85-3	D013988	Ticlopidine	4
40180-04-9	D013989	Ticrynafen	1
85136-71-6	C036593	tilisolol	1
26839-75-8	D013999	Timolol	7
1953-02-2	D008625	Tiopronin	1
13379-86-7	C021339	tiprenolol	3
39563-28-5	C025725	tobanum	1
32986-56-4	D014031	Tobramycin	4
41708-72-9	D016677	Tocainide	4
38103-61-6	C100227	tolamolol	1
59-98-3	D014043	Tolazoline	1
64-77-7	D014044	Tolbutamide	1
26171-23-3	D014046	Tolmetin	1
150683-30-0	D000077602	Tolvaptan	1
97240-79-4	D000077236	Topiramate	2
56211-40-6	D000077786	Torsemide	4
27203-92-5	D014147	Tramadol	2
53902-12-8	C012293	tranilast	1
155-09-9	D014191	Tranylcypromine	1
19794-93-5	D014196	Trazodone	2
302-79-4	D014212	Tretinoin	8
78-30-8	C025541	tri-o-cresyl phosphate	1
124-94-7	D014221	Triamcinolone	1
76-25-5	D014222	Triamcinolone Acetonide	1
396-01-0	D014223	Triamterene	2
28911-01-5	D014229	Triazolam	1
133-67-5	D014237	Trichlormethiazide	1
58880-19-6	C012589	trichostatin A	2
101-20-2	C009540	triclocarban	1
112-24-3	D014266	Trientine	2
117-89-5	D014268	Trifluoperazine	1
322-79-2	C016167	triflusal	1
535-83-1	C009560	trigonelline	1
35795-16-5	C005185	trimazosin	1
616-68-2	D014288	Trimecaine	3
5011-34-7	D014292	Trimetazidine	7
68-91-7	C017774	trimethaphan camsylate	1
738-70-5	D014295	Trimethoprim	2
8064-90-2	D015662	Trimethoprim, Sulfamethoxazole Drug Combination	8
486-12-4	D014311	Triprolidine	1
38748-32-2	C001899	triptolide	2
38647-11-9	C084079	triptonide	1
97322-87-7	D000077288	Troglitazone	5
10405-02-4	C003330	trospium chloride	1
57-95-4	D014403	Tubocurarine	1
41570-61-0	C010809	tulobuterol	1
7440-33-7	D014414	Tungsten	1
57568-80-6	C082658	U 37883A	1
66-22-8	D014498	Uracil	1
51-79-6	D014520	Urethane	1
69-93-2	D014527	Uric Acid	1
8064-12-8	C027278	urovision	1
128-13-2	D014580	Ursodeoxycholic Acid	1
77-52-1	C005466	ursolic acid	1
99-66-1	D014635	Valproic Acid	2
1404-90-6	D014640	Vancomycin	4
73168-24-8	C025043	vasopressin, 1-(1-mercaptocyclohexaneacetic acid)-2-(O- methyl-L-tyrosine)-8-L-arginine-	1
11000-17-2	D014667	Vasopressins	1
52-53-9	D014700	Verapamil	23
81840-15-5	C041667	vesnarinone	1
865-21-4	D014747	Vinblastine	1
53643-48-4	D014751	Vindesine	1
71486-22-1	D000077235	Vinorelbine	2
32988-50-4	D014756	Viomycin	1
11103-57-4	D014801	Vitamin A	2
68-19-9	D014805	Vitamin B 12	1
1406-16-2	D014807	Vitamin D	3
1406-18-4	D014810	Vitamin E	11
11032-49-8	D024482	Vitamin K 2	1
58-27-5	D024483	Vitamin K 3	1
81-81-2	D014859	Warfarin	15
5119-48-2	C009684	withaferin A	2
632-85-9	C085514	wogonin	1
19545-26-7	D000077191	Wortmannin	2
81801-12-9	D017307	Xamoterol	2
6754-58-1	C104536	xanthohumol	4
90-47-1	C009689	xanthone	1
14293-44-8	D014988	Xipamide	1
526-36-3	C009695	xylometazoline	1
138381-45-0	C108830	Y 27632	1
127657-42-5	C087958	YM 529	2
146-48-5	D015016	Yohimbine	9
107753-78-6	C062735	zafirlukast	10
37762-06-4	C011145	zaprinast	1
85175-67-3	C043636	zatebradine	3
471-05-6	C403304	zerumbone	1
30516-87-1	D015215	Zidovudine	1
132880-11-6	C063449	zileuton	8
7440-66-6	D015032	Zinc	5
110703-94-1	C067172	zopolrestat	1
