CasRN	ChemicalID	ChemicalName	# gene associations
139890-68-9	C070379	1,2-bis(2-aminophenoxy)ethane N,N,N',N'-tetraacetic acid acetoxymethyl ester	63
611-59-6	C021183	1,7-dimethylxanthine	6
1449-05-4	C119129	18alpha-glycyrrhetinic acid	21
92891-93-5	C044565	2-((((2-chloroethyl)nitrosoamino)carbonyl)amino)propanamide	9
154447-36-6	C085911	2-(4-morpholinyl)-8-phenyl-4H-1-benzopyran-4-one	271
163042-96-4	C090034	2-chloro-N(6)-(3-iodobenzyl)adenosine-5'-N-methyluronamide	3
362-07-2	D000077584	2-Methoxyestradiol	40
102575-24-6	C058525	2-methoxyidazoxan	3
2409-55-4	C054527	2-tert-butyl-4-methylphenol	1
1948-33-0	C018855	2-tert-butylhydroquinone	67
67287-49-4	D015647	2,3,4,5-Tetrahydro-7,8-dihydroxy-1-phenyl-1H-3-benzazepine	4
490-79-9	C010925	2,5-dihydroxybenzoic acid	3
53209-27-1	C087939	2''-galloylhyperin	9
76144-81-5	C050147	3-(2,2,2-trimethylhydrazine)propionate	1
577-85-5	C041477	3-hydroxyflavone	24
5142-23-4	C025946	3-methyladenine	87
4339-71-3	C041525	3,3',4,5'-tetrahydroxystilbene	70
67198-13-4	D019900	3,4-Dichloro-N-methyl-N-(2-(1-pyrrolidinyl)-cyclohexyl)-benzeneacetamide, (trans)-Isomer	3
504-24-5	D015761	4-Aminopyridine	2
1076-38-6	C068805	4-hydroxycoumarin	3
4843-98-5	C014606	4-hydroxypyrazole	1
1821-12-1	C075773	4-phenylbutyric acid	71
101-77-9	C009505	4,4'-diaminodiphenylmethane	1
213252-19-8	C116017	5-((2,4-dioxo-5-thiazolidinyl)methyl)-2-methoxy-N-((4-(trifluoromethyl)phenyl)methyl)benzamide	2
624-00-0	C052853	5-hydroxydecanoic acid	3
484-20-8	D000078223	5-Methoxypsoralen	15
34661-85-3	C057446	5-methylurapidil	3
3317-61-1	C017245	5,5-dimethyl-1-pyrroline-1-oxide	2
29347-89-5	C030371	5,6,7,8-tetrahydrofolic acid	3
1191-85-1	D015117	5,8,11,14-Eicosatetraynoic Acid	1
56305-04-5	C010643	6-hydroxy-2,5,7,8-tetramethylchroman-2-carboxylic acid	48
115039-00-4	C054923	6-methyl-1,3,8-trichlorodibenzofuran	7
93-35-6	C031477	7-hydroxycoumarin	13
80206-91-3	C031433	8-(4-sulfophenyl)theophylline	3
78950-78-4	D017371	8-Hydroxy-2-(di-n-propylamino)tetralin	7
961-45-5	C028322	8-phenyltheophylline	1
60203-57-8	C037112	9-deoxy-delta-9-prostaglandin D2	16
56180-94-0	D020909	Acarbose	2
37517-30-9	D000070	Acebutolol	5
89796-99-6	C056498	aceclofenac	2
152-72-7	D000074	Acenocoumarol	6
103-90-2	D000082	Acetaminophen	127
59-66-5	D000086	Acetazolamide	15
498-02-2	C056165	acetovanillone	47
14992-62-2	D000108	Acetylcarnitine	2
51-84-3	D000109	Acetylcholine	27
616-91-1	D000111	Acetylcysteine	372
55079-83-9	D017255	Acitretin	12
58-61-7	D000241	Adenosine	36
56-65-5	D000255	Adenosine Triphosphate	125
850140-72-6	D000077716	Afatinib	15
306-60-5	D000376	Agmatine	6
81443-73-4	C046926	AH 23848	33
3031-94-5	C031143	AICA ribonucleotide	47
4360-12-7	D000404	Ajmaline	3
18559-94-9	D000420	Albuterol	31
22131-79-9	C084615	alclofenac	3
66376-36-1	D019386	Alendronate	4
41294-56-8	C008088	alfacalcidol	10
71195-58-9	D015760	Alfentanil	5
33178-86-8	C022192	alinidine	1
5300-03-8	D000077556	Alitretinoin	97
23444-65-7	C018204	alkannin	8
315-30-0	D000493	Allopurinol	28
592-88-1	C038491	allyl sulfide	35
604-59-1	C011512	alpha-naphthoflavone	51
59-02-9	D024502	alpha-Tocopherol	67
28981-97-7	D000525	Alprazolam	9
13655-52-2	D000526	Alprenolol	12
745-65-3	D000527	Alprostadil	8
10043-01-3	C041524	aluminum sulfate	9
768-94-5	D000547	Amantadine	5
115-79-7	D000549	Ambenonium Chloride	1
1617-53-4	C011164	amentoflavone	24
20537-88-6	D004999	Amifostine	7
37517-28-5	D000583	Amikacin	4
2609-46-3	D000584	Amiloride	41
125-84-8	D000616	Aminoglutethimide	49
645-88-5	D000625	Aminooxyacetic Acid	2
317-34-0	D000628	Aminophylline	1
65-49-6	D010131	Aminosalicylic Acid	1
1951-25-3	D000638	Amiodarone	70
50-48-6	D000639	Amitriptyline	21
4317-14-0	C006566	amitriptyline N-oxide	5
61-82-5	D000640	Amitrole	9
88150-42-9	D017311	Amlodipine	32
26787-78-0	D000658	Amoxicillin	2
74469-00-4	D019980	Amoxicillin-Potassium Clavulanate Combination	2
300-62-9	D000661	Amphetamine	28
1397-89-3	D000666	Amphotericin B	11
69-53-4	D000667	Ampicillin	3
60719-84-8	D000676	Amrinone	2
5508-58-7	C030419	andrographolide	72
104-46-1	C006578	anethole	15
532-11-6	D000781	Anethole Trithione	10
520-36-5	D047310	Apigenin	110
58-00-4	D001058	Apomorphine	10
37640-71-4	D001073	Aprindine	3
86780-90-7	C059427	aranidipine	2
63-75-2	D001115	Arecoline	24
113-79-1	D001127	Arginine Vasopressin	1
1327-53-3	D000077237	Arsenic Trioxide	1253
71963-77-4	D000077549	Artemether	1
50-81-7	D001205	Ascorbic Acid	157
22839-47-0	D001218	Aspartame	26
50-78-2	D001241	Aspirin	168
472-61-7	C005948	astaxanthine	4
68844-77-9	D016589	Astemizole	14
29122-68-7	D001262	Atenolol	27
94015-53-9	D053626	Atovaquone	3
51-55-8	D001285	Atropine	37
34031-32-8	D001310	Auranofin	29
12192-57-3	D006051	Aurothioglucose	5
320-67-2	D001374	Azacitidine	73
11141-17-6	C010329	azadirachtin	17
3964-81-6	C006656	azatadine	1
446-86-6	D001379	Azathioprine	31
58581-89-8	C020976	azelastine	5
149888-94-8	C086123	azimilide	1
83905-01-5	D017963	Azithromycin	11
131860-33-8	C087670	azoxystrobin	13
1134-47-0	D001418	Baclofen	3
491-67-8	C006680	baicalein	62
81732-65-2	C047766	bambuterol	3
4419-39-0	D001507	Beclomethasone	46
86541-75-5	C044946	benazepril	15
73-48-3	D001539	Bendroflumethiazide	3
105979-17-7	C061004	benidipine	16
322-35-0	D001545	Benserazide	2
3562-84-3	D001553	Benzbromarone	29
100-51-6	D019905	Benzyl Alcohol	8
64706-54-3	D015764	Bepridil	10
88430-50-6	C048081	beraprost	1
2086-83-1	D001599	Berberine	67
7235-40-7	D019207	beta Carotene	21
6051-87-2	D019324	beta-Naphthoflavone	30
5638-76-6	D001621	Betahistine	1
107-43-7	D001622	Betaine	7
378-44-9	D001623	Betamethasone	9
63659-18-7	D015784	Betaxolol	2
41859-67-0	D001629	Bezafibrate	69
485-49-4	D001640	Bicuculline	5
66722-44-9	D017298	Bisoprolol	12
80-05-7	C006780	bisphenol A	2817
30392-40-6	C011685	bitolterol	1
128270-60-0	C074619	bivalirudin	6
11056-06-7	D001761	Bleomycin	28
69010-88-4	C036007	bopindolol	2
11113-50-1	C032688	boric acid	17
7440-42-8	D001895	Boron	2
7184-60-3	C005066	borrelidin	8
147536-97-8	D000077300	Bosentan	17
600-76-0	C050295	brazilein	6
61-75-6	D001950	Bretylium Tosylate	1
1812-30-2	D001960	Bromazepam	1
25614-03-3	D001971	Bromocriptine	15
357-57-3	C083806	brucine	11
65002-17-7	C026535	bucillamine	4
70369-47-0	C024307	bucindolol	1
51333-22-3	D019819	Budesonide	36
28395-03-1	D002034	Bumetanide	8
2180-92-9	D002045	Bupivacaine	9
23284-25-5	D002046	Bupranolol	1
52485-79-7	D002047	Buprenorphine	11
497-23-4	C004511	butenolide	1
5072-26-4	D019328	Buthionine Sulfoximine	53
25013-16-5	D002083	Butylated Hydroxyanisole	26
128-37-0	D002084	Butylated Hydroxytoluene	20
107-92-6	D020148	Butyric Acid	74
331-39-5	C040048	caffeic acid	39
104594-70-9	C055494	caffeic acid phenethyl ester	45
58-08-2	D002110	Caffeine	3371
19356-17-3	D002112	Calcifediol	25
32222-06-3	D002117	Calcitriol	145
7440-70-2	D002118	Calcium	204
471-34-1	D002119	Calcium Carbonate	5
10043-52-4	D002122	Calcium Chloride	52
37270-89-6	C006871	calcium heparin	1
76-22-2	D002164	Camphor	7
139481-59-7	C081643	candesartan	14
145040-37-5	C077793	candesartan cilexetil	4
289499-45-2	C420268	Canertinib	8
13956-29-1	D002185	Cannabidiol	320
56-25-7	D002193	Cantharidin	41
404-86-4	D002211	Capsaicin	143
62571-86-2	D002216	Captopril	9
298-46-4	D002220	Carbamazepine	48
38821-49-7	D002230	Carbidopa	11
22232-54-8	D002231	Carbimazole	1
2387-59-9	D002233	Carbocysteine	3
630-08-0	D002248	Carbon Monoxide	20
41575-94-4	D016190	Carboplatin	41
154-93-8	D002330	Carmustine	49
305-84-0	D002336	Carnosine	11
51781-06-7	D002354	Carteolol	2
72956-09-3	D000077261	Carvedilol	55
154-23-4	D002392	Catechin	61
53994-73-3	D002433	Cefaclor	4
50370-12-2	D002434	Cefadroxil	1
25953-19-9	D002437	Cefazolin	2
88040-23-7	D000077723	Cefepime	1
63527-52-6	D002439	Cefotaxime	3
69712-56-7	D015313	Cefotetan	1
82619-04-3	C053268	cefpodoxime	1
78439-06-2	D002442	Ceftazidime	4
73384-59-5	D002443	Ceftriaxone	1
56980-93-9	D017272	Celiprolol	1
83881-51-0	D017332	Cetirizine	6
6899-10-1	D000077286	Cetrimonium	1
154116-31-1	C089987	CGS 26303	1
94-41-7	D002599	Chalcone	11
474-25-9	D002635	Chenodeoxycholic Acid	36
15879-93-3	D002698	Chloralose	3
305-03-3	D002699	Chlorambucil	26
56-75-7	D002701	Chloramphenicol	15
327-97-9	D002726	Chlorogenic Acid	26
54-05-7	D002738	Chloroquine	134
50-63-5	C023676	chloroquine diphosphate	8
132-22-9	D002744	Chlorpheniramine	7
50-53-3	D002746	Chlorpromazine	50
94-20-2	D002747	Chlorpropamide	2
77-36-1	D002752	Chlorthalidone	1
67-97-0	D002762	Cholecalciferol	40
7440-47-3	D002857	Chromium	28
480-40-0	C043561	chrysin	99
29342-05-0	D000077768	Ciclopirox	13
53267-01-9	C032151	cifenline	6
74772-77-3	C039671	ciglitazone	37
92077-78-6	D017315	Cilazapril	3
132203-70-4	C065927	cilnidipine	6
73963-72-1	D000077407	Cilostazol	26
51481-61-9	D002927	Cimetidine	57
298-57-7	D002936	Cinnarizine	1
85721-33-1	D002939	Ciprofloxacin	43
15663-27-1	D002945	Cisplatin	700
59729-33-8	D015283	Citalopram	21
106-23-0	C108217	citronellal	9
4291-63-8	D017338	Cladribine	17
81103-11-9	D017291	Clarithromycin	18
15686-51-8	D002974	Clemastine	3
18323-44-9	D002981	Clindamycin	1
10596-23-3	D004002	Clodronic Acid	7
637-07-0	D002994	Clofibrate	40
1622-61-3	D002998	Clonazepam	2
4205-90-7	D003000	Clonidine	29
636-54-4	D003005	Clopamide	1
17780-72-2	D003010	Clorgyline	15
23593-75-1	D003022	Clotrimazole	34
14325-03-2	C007095	cobaltiprotoporphyrin	74
7646-79-9	C018021	cobaltous chloride	212
50-36-2	D003042	Cocaine	97
76-57-3	D003061	Codeine	7
64-86-8	D003078	Colchicine	44
138605-00-2	D005576	Colforsin	124
1066-17-7	D003091	Colistin	11
7440-50-8	D003300	Copper	365
23094-69-1	C049096	corilagin	6
50-22-6	D003345	Corticosterone	23
91-64-5	C030123	coumarin	1753
42553-65-1	C029036	crocin	11
15826-37-6	D004205	Cromolyn Sodium	6
458-37-7	D003474	Curcumin	308
420-04-2	D003484	Cyanamide	4
60-92-4	D000242	Cyclic AMP	105
4449-51-8	C000541	cyclopamine	6
50-18-0	D003520	Cyclophosphamide	85
68-41-7	D003523	Cycloserine	3
59865-13-3	D016572	Cyclosporine	112
2259-96-3	C004639	cyclothiazide	1
860-79-7	C032939	cyclovirobuxine D	1
129-03-3	D003533	Cyproheptadine	8
60-23-1	D003543	Cysteamine	3
147-94-4	D003561	Cytarabine	47
4342-03-4	D003606	Dacarbazine	21
486-66-8	C004742	daidzein	63
17230-88-5	D003613	Danazol	15
7261-97-4	D003620	Dantrolene	11
80-08-0	D003622	Dapsone	15
20830-81-3	D003630	Daunorubicin	67
524-17-4	C035934	dauricine	1
16679-58-6	D003894	Deamino Arginine Vasopressin	3
1131-64-2	D003647	Debrisoquin	1
2353-33-5	D000077209	Decitabine	205
30652-11-0	D000077543	Deferiprone	15
70-51-9	D003676	Deferoxamine	111
522-17-8	C107676	deguelin	89
53-43-0	D003687	Dehydroepiandrosterone	42
83435-67-0	C047759	delapril	2
13270-61-6	C017185	delphinidin	34
127-33-3	D003707	Demeclocycline	3
71771-90-9	C037293	denopamine	2
154-17-6	D003847	Deoxyglucose	55
51481-10-8	C007262	deoxynivalenol	129
50-47-5	D003891	Desipramine	25
64-85-7	D003900	Desoxycorticosterone	6
50-02-2	D003907	Dexamethasone	270
21888-98-2	D003909	Dexetimide	1
3239-44-9	D020372	Dexfenfluramine	1
113775-47-6	D020927	Dexmedetomidine	5
125-71-3	D003915	Dextromethorphan	15
125-73-5	D003917	Dextrorphan	3
2050-87-5	C042577	diallyl trisulfide	145
439-14-5	D003975	Diazepam	18
364-98-7	D003981	Diazoxide	10
19395-87-0	D012531	Dibenz(b,f)(1,4)oxazepine-10(11H)-carboxylic acid, 8-chloro-, 2-acetylhydrazide	1
15307-86-5	D004008	Diclofenac	99
66-76-2	D001728	Dicumarol	30
69655-05-6	D016049	Didanosine	2
90-89-1	D004049	Diethylcarbamazine	1
117-81-7	D004051	Diethylhexyl Phthalate	328
56-53-1	D004054	Diethylstilbestrol	75
22494-42-4	D004061	Diflunisal	7
71-63-6	D004074	Digitoxin	38
20830-75-5	D004077	Digoxin	19
484-23-1	D004078	Dihydralazine	1
511-12-6	D004087	Dihydroergotamine	7
42399-41-7	D004110	Diltiazem	14
36304-82-2	C012621	dimemorfan	6
523-87-5	D004111	Dimenhydrinate	2
59-52-9	D004112	Dimercaprol	10
67-68-5	D004121	Dimethyl Sulfoxide	56
908-54-3	C003915	diminazene aceturate	18
363-24-6	D015232	Dinoprostone	110
512-04-9	D004144	Diosgenin	28
520-27-4	D004145	Diosmin	1
58-73-1	D004155	Diphenhydramine	8
58-32-2	D004176	Dipyridamole	36
3737-09-5	D004206	Disopyramide	5
97-77-8	D004221	Disulfiram	65
77086-22-7	D016291	Dizocilpine Maleate	10
34368-04-2	D004280	Dobutamine	31
25167-62-8	D004281	Docosahexaenoic Acids	64
115256-11-6	C063533	dofetilide	1
57808-66-9	D004294	Domperidone	11
120011-70-3	D000077265	Donepezil	15
51-61-6	D004298	Dopamine	107
74191-85-8	D017292	Doxazosin	19
1668-19-5	D004316	Doxepin	3
3094-09-5	C025034	doxifluridine	50
23214-92-8	D004317	Doxorubicin	758
564-25-0	D004318	Doxycycline	13
548-73-2	D004329	Droperidol	2
152-62-5	D004394	Dydrogesterone	11
74913-18-1	D004399	Dynorphins	3
113558-89-7	C063968	E 4031	3
60940-34-3	C042986	ebselen	21
510-30-5	C022999	echinocystic acid	8
89-25-8	D000077553	Edaravone	11
312-48-1	D004491	Edrophonium	2
111011-53-1	C066425	efonidipine	4
1553-41-9	D015118	Eicosapentaenoic Acid	32
476-66-4	D004610	Ellagic Acid	35
518-82-1	D004642	Emodin	66
75847-73-3	D004656	Enalapril	22
84680-54-6	D015773	Enalaprilat	6
13838-16-9	D004737	Enflurane	5
100929-53-1	D020875	Enkephalin, Ala(2)-MePhe(4)-Gly(5)-	2
63631-40-3	D016308	Enkephalin, Leucine-2-Alanine	2
74011-58-8	D015365	Enoxacin	3
167256-08-8	C098288	enrasentan	2
299-42-3	D004809	Ephedrine	6
989-51-5	C045651	epigallocatechin gallate	283
80012-43-7	C053090	epinastine	5
51-43-4	D004837	Epinephrine	43
56420-45-2	D015251	Epirubicin	28
35121-78-9	D011464	Epoprostenol	4
113-15-5	D004878	Ergotamine	3
552-58-9	C007619	eriodictyol	8
114-07-8	D004917	Erythromycin	20
305-01-1	C007628	esculetin	33
84057-94-3	C036604	esmolol	2
50-28-2	D004958	Estradiol	582
50-27-1	D004964	Estriol	25
22668-01-5	D017341	Etanidazole	1
58-54-8	D004976	Ethacrynic Acid	37
74-55-5	D004977	Ethambutol	9
64-17-5	D000431	Ethanol	277
57-63-6	D004997	Ethinyl Estradiol	105
8056-51-7	D019304	Ethinyl Estradiol-Norgestrel Combination	7
536-33-4	D005000	Ethionamide	1
2809-21-4	D012968	Etidronic Acid	2
709-55-7	D005039	Etilefrine	3
41340-25-4	D017308	Etodolac	19
33419-42-0	D005047	Etoposide	323
202409-33-4	D000077613	Etoricoxib	5
470-82-6	D000077591	Eucalyptol	8
97-53-0	D005054	Eugenol	58
5956-87-6	C049639	evodiamine	30
141732-76-5	D000077270	Exenatide	9
102676-47-1	D017316	Fadrozole	8
76824-35-6	D015738	Famotidine	28
103745-39-7	C049347	fasudil	19
72509-76-3	D015736	Felodipine	18
13042-18-7	D005275	Fendiline	4
458-24-2	D005277	Fenfluramine	4
49562-28-9	D011345	Fenofibrate	91
31879-05-7	D005279	Fenoprofen	12
13392-18-2	D005280	Fenoterol	11
65646-68-6	D017313	Fenretinide	97
437-38-7	D005283	Fentanyl	11
1135-24-6	C004999	ferulic acid	17
136087-85-9	C077139	fidarestat	9
247257-48-3	C558933	fimasartan	3
146-14-5	D005182	Flavin-Adenine Dinucleotide	2
54143-55-4	D005424	Flecainide	7
79660-72-3	D016576	Fleroxacin	1
5250-39-5	D005436	Floxacillin	8
50-91-9	D005467	Floxuridine	15
86386-73-4	D015725	Fluconazole	9
2022-85-7	D005437	Flucytosine	3
21679-14-1	C024352	fludarabine	48
127-31-1	D005438	Fludrocortisone	9
530-78-9	D005439	Flufenamic Acid	28
957-56-2	C017673	fluindione	2
78755-81-4	D005442	Flumazenil	4
52468-60-7	D005444	Flunarizine	1
1622-62-4	D005445	Flunitrazepam	17
51-21-8	D005472	Fluorouracil	606
54910-89-3	D005473	Fluoxetine	43
17617-23-1	D005479	Flurazepam	1
5104-49-4	D005480	Flurbiprofen	39
93957-54-1	D000077340	Fluvastatin	32
54739-18-3	D016666	Fluvoxamine	11
59-30-3	D005492	Folic Acid	88
50773-42-7	C067584	formosanin C	8
23155-02-4	D005578	Fosfomycin	1
98048-97-6	D017328	Fosinopril	3
142375-60-8	C079574	FR 139317	1
9072-19-9	C007789	fucoidan	14
23110-15-8	C026211	fumagillin	3
54-31-9	D005665	Furosemide	22
6990-06-3	D005672	Fusidic Acid	7
149-91-7	D005707	Gallic Acid	82
56-12-2	D005680	gamma-Aminobutyric Acid	21
112811-59-3	D000077734	Gatifloxacin	2
25812-30-0	D015248	Gemfibrozil	19
446-72-0	D019833	Genistein	336
624-15-7	C007836	geraniol	67
1391-73-7	C007845	gingerol	46
22910-60-7	C112485	ginkgolic acid	6
99796-69-7	C045856	ginkgolide B	17
52705-93-8	C049863	ginsenoside Rd	2
52286-59-6	C049864	ginsenoside Re	18
22427-39-0	C035054	ginsenoside Rg1	27
59870-68-7	C107601	glabridin	13
5630-11-5	C005004	glaucine	1
79498-31-0	C055124	glaucocalyxin A	18
21187-98-4	D005907	Gliclazide	4
29094-61-9	D005913	Glipizide	5
526-95-4	C030691	gluconic acid	2
3416-24-8	D005944	Glucosamine	64
50-99-7	D005947	Glucose	308
70-18-8	D005978	Glutathione	174
10238-21-8	D005905	Glyburide	20
7440-57-5	D006046	Gold	42
12244-57-4	D006052	Gold Sodium Thiomalate	8
126-07-8	D006118	Griseofulvin	12
5051-62-7	D006143	Guanabenz	1
55-65-2	D006145	Guanethidine	2
29110-47-2	D016316	Guanfacine	5
52-86-8	D006220	Haloperidol	201
151-67-7	D006221	Halothane	12
442-51-3	D006247	Harmine	22
16009-13-5	D006427	Hemin	44
9005-49-6	D006493	Heparin	68
520-33-2	C013015	hesperetin	37
520-26-3	D006569	Hesperidin	20
9011-04-5	D006583	Hexadimethrine Bromide	1
60-26-4	D018738	Hexamethonium	8
140703-51-1	C086184	hexarelin	1
19202-36-9	C060299	hinokiflavone	15
51-45-6	D006632	Histamine	61
35354-74-6	C005499	honokiol	50
86-54-4	D006830	Hydralazine	12
58-93-5	D006852	Hydrochlorothiazide	3
50-23-7	D006854	Hydrocortisone	73
7783-06-4	D006862	Hydrogen Sulfide	11
118-42-3	D006886	Hydroxychloroquine	29
127-07-1	D006918	Hydroxyurea	41
15687-27-1	D007052	Ibuprofen	96
489-32-7	C056599	icariin	13
130308-48-4	C065679	icatibant	4
72795-19-8	C026777	ICI 118551	21
127420-24-0	C076966	idrapril	1
23210-56-2	C010739	ifenprodil	1
3778-73-2	D007069	Ifosfamide	24
78919-13-8	D016285	Iloprost	9
89371-37-9	C065166	imidapril	1
74431-23-5	D015378	Imipenem	1
482-44-0	C031534	imperatorin	3
26807-65-8	D007190	Indapamide	3
150378-17-9	D019469	Indinavir	11
700-06-1	C016517	indole-3-carbinol	57
53-86-1	D007213	Indomethacin	165
31842-01-0	D007216	Indoprofen	16
26844-12-2	D007217	Indoramin	1
58-63-9	D007288	Inosine	4
86-04-4	D007290	Inosine Diphosphate	2
6917-35-7	D007294	Inositol	2
9005-80-5	D007444	Inulin	5
7553-56-2	D007455	Iodine	10
60205-81-4	D009241	Ipratropium	5
138402-11-6	D000077405	Irbesartan	13
59-63-2	D007520	Isocarboxazid	1
26675-46-7	D007530	Isoflurane	11
961-29-5	C040920	isoliquiritigenin	35
54-85-3	D007538	Isoniazid	34
7683-59-2	D007545	Isoproterenol	48
21637-25-2	C016527	isoquercitrin	13
87-33-2	D007548	Isosorbide Dinitrate	2
4759-48-2	D015474	Isotretinoin	33
395-28-8	D007556	Isoxsuprine	1
75695-93-1	D017275	Isradipine	13
84625-61-6	D017964	Itraconazole	19
70288-86-7	D007559	Ivermectin	4231
520-18-3	C006552	kaempferol	103
19895-95-5	C064309	kaempferol 3-O-sophoroside	6
59-01-8	D007612	Kanamycin	1
6740-88-1	D007649	Ketamine	19
74050-98-9	D007650	Ketanserin	10
65277-42-1	D007654	Ketoconazole	88
22071-15-4	D007660	Ketoprofen	20
34580-13-7	D007665	Ketotifen	7
139298-40-1	C072105	KN 93	16
111466-41-2	C054290	L 657743	1
36894-69-6	D007741	Labetalol	13
17575-22-3	C018548	lanatoside C	7
75706-12-6	D000077339	Leflunomide	23
100427-26-7	C060343	lercanidipine	6
58-05-9	D002955	Leucovorin	15
14769-73-4	D007978	Levamisole	11
797-63-7	D016912	Levonorgestrel	35
137-58-6	D008012	Lidocaine	34
2197-37-7	D019787	Linoleic Acid	48
8001-26-1	D008043	Linseed Oil	2
83915-83-7	D017706	Lisinopril	6
7439-93-2	D008094	Lithium	33
7447-41-8	D018021	Lithium Chloride	66
434-13-9	D008095	Lithocholic Acid	92
13010-47-4	D008130	Lomustine	5
79794-75-5	D017336	Loratadine	17
114798-26-4	D019808	Losartan	39
75330-75-5	D008148	Lovastatin	73
545-47-1	C010480	lupeol	10
127-40-2	D014975	Lutein	8
491-70-3	D047311	Luteolin	118
63676-25-5	C025430	LY 117018	3
88107-10-2	C044660	LY 171883	2
7439-95-4	D008274	Magnesium	32
7786-30-3	D015636	Magnesium Chloride	10
7487-88-9	D008278	Magnesium Sulfate	3
528-43-8	C005498	magnolol	13
4773-96-0	C013592	mangiferin	49
6147-11-1	C021053	mangostin	27
89226-50-6	C054218	manidipine	12
69-65-8	D008353	Mannitol	14
22232-71-9	D008454	Mazindol	4
60-40-2	D008464	Mecamylamine	10
644-62-2	D008469	Meclofenamic Acid	11
520-85-4	D008525	Medroxyprogesterone	7
71-58-9	D017258	Medroxyprogesterone Acetate	58
61-68-7	D008528	Mefenamic Acid	39
53230-10-7	D015767	Mefloquine	9
73-31-4	D008550	Melatonin	77
20449-79-0	D008555	Melitten	60
71125-38-7	D000077239	Meloxicam	16
148-82-3	D008558	Melphalan	34
57-42-1	D008614	Meperidine	2
104713-75-9	C050699	mepirodipine	7
7439-97-6	D008628	Mercury	55
19767-45-4	D015080	Mesna	1
586-06-1	D009921	Metaproterenol	1
657-24-9	D008687	Metformin	113
62-51-1	D016210	Methacholine Chloride	4
91-80-5	D008701	Methapyrilene	5
554-57-4	D008704	Methazolamide	8
60-56-0	D008713	Methimazole	12
59-05-2	D008727	Methotrexate	310
390-28-3	D008729	Methoxamine	1
298-81-7	D008730	Methoxsalen	35
76-38-0	D008733	Methoxyflurane	8
555-30-6	D008750	Methyldopa	5
61-73-4	D008751	Methylene Blue	8
21019-30-7	C054634	methyllycaconitine	18
83-43-2	D008775	Methylprednisolone	18
28109-92-4	C008514	methylxanthine	1
22664-55-7	D014290	Metipranolol	1
364-62-5	D008787	Metoclopramide	13
17560-51-9	D008788	Metolazone	1
37350-58-6	D008790	Metoprolol	19
443-48-1	D008795	Metronidazole	1
54-36-4	D008797	Metyrapone	13
31828-71-4	D008801	Mexiletine	6
116644-53-2	D020748	Mibefradil	6
22916-47-8	D008825	Miconazole	22
59467-70-8	D008874	Midazolam	8
42794-76-3	D008879	Midodrine	2
84371-65-3	D015735	Mifepristone	114
78415-72-2	D020105	Milrinone	3
10118-90-8	D008911	Minocycline	21
38304-91-5	D008914	Minoxidil	3
13551-87-6	D008920	Misonidazole	1
50-07-7	D016685	Mitomycin	224
106791-40-6	D000077590	Mivacurium	6
118414-82-7	C060893	MK-886	27
109376-83-2	C070571	ML 7	29
105637-50-1	C056218	ML 9	9
71320-77-9	D020912	Moclobemide	2
68693-11-8	D000077408	Modafinil	1
103775-10-6	C058302	moexipril	1
25717-80-0	D008981	Molsidomine	2
7728-40-7	C001173	monoethylglycinexylidide	1
158966-92-8	C093875	montelukast	18
57-27-2	D009020	Morphine	52
54-32-0	D013948	Moxisylyte	1
24280-93-1	D009173	Mycophenolic Acid	36
529-44-2	C040015	myricetin	67
17912-87-7	C008577	myricitrin	12
123653-11-2	C080955	N-(2-cyclohexyloxy-4-nitrophenyl)methanesulfonamide	56
16858-02-9	C044387	N,N,N',N'-tetrakis(2-pyridylmethyl)ethylenediamine	34
42924-53-8	D000077430	Nabumetone	4
42200-33-9	D009248	Nadolol	3
147-52-4	D009254	Nafcillin	6
20594-83-6	D009266	Nalbuphine	2
82824-01-9	C034643	naloxonazine	1
465-65-6	D009270	Naloxone	26
16590-41-3	D009271	Naltrexone	8
360-70-3	D000077603	Nandrolone Decanoate	4
91-20-3	C031721	naphthalene	40
32358-83-1	C073873	naphtho(1,2-b)furan-4,5-dione	13
22204-53-1	D009288	Naproxen	30
480-41-1	C005273	naringenin	87
10236-47-2	C005274	naringin	46
105816-04-4	D000077715	Nateglinide	6
69049-73-6	D017835	Nedocromil	1
1404-04-2	D009355	Neomycin	4
59-99-4	D009388	Neostigmine	1
98-92-0	D009536	Niacinamide	45
55985-32-5	D009529	Nicardipine	21
50-65-7	D009534	Niclosamide	103
21829-25-4	D009543	Nifedipine	42
51803-78-2	C012655	nimesulide	59
66085-59-4	D009553	Nimodipine	10
42471-28-3	D015376	Nimustine	19
63675-72-9	D015737	Nisoldipine	9
146-22-5	D009567	Nitrazepam	8
39562-70-4	D009568	Nitrendipine	8
7697-37-2	D017942	Nitric Acid	5
10102-43-9	D009569	Nitric Oxide	84
59-87-0	D009583	Nitrofurazone	1
55-63-0	D005996	Nitroglycerin	20
15078-28-1	D009599	Nitroprusside	46
105618-26-6	C051844	norbinaltorphimine	4
51-41-2	D009638	Norepinephrine	42
38673-38-0	D000077563	Norethindrone Acetate	13
72-69-5	D009661	Nortriptyline	18
128-62-1	D009665	Noscapine	12
1400-61-9	D009761	Nystatin	8
114-90-9	D009768	Obidoxime Chloride	5
83150-76-9	D015282	Octreotide	22
82419-36-1	D015242	Ofloxacin	11
508-02-1	D009828	Oleanolic Acid	58
32619-42-4	C002769	oleuropein	8
119615-63-3	C059498	olprinone	1
99614-02-5	D017294	Ondansetron	8
96829-58-2	D000077403	Orlistat	68
19044-88-3	C012465	oryzalin	18
484-12-8	C046627	osthol	36
630-60-4	D010042	Ouabain	105
1199-18-4	D016627	Oxidopamine	50
70-22-4	D010095	Oxotremorine	2
6452-71-7	D010096	Oxprenolol	7
7782-44-7	D010100	Oxygen	297
16837-52-8	C037573	oxymatrine	18
1491-59-4	D010109	Oxymetazoline	8
129-20-4	D010113	Oxyphenbutazone	2
2465-59-0	D010117	Oxypurinol	7
10028-15-6	D010126	Ozone	43
40391-99-9	D000077268	Pamidronate	22
58-74-2	D010208	Papaverine	7
311-45-5	D010261	Paraoxon	36
555-57-7	D010293	Pargyline	2
70458-92-3	D015366	Pefloxacin	1
36507-48-9	D010394	Penbutolol	1
52-67-5	D010396	Penicillamine	31
61-33-6	D010400	Penicillin G	8
87-08-1	D010404	Penicillin V	2
100-33-4	D010419	Pentamidine	16
76-74-4	D010424	Pentobarbital	13
52-62-0	D010425	Pentolinium Tartrate	1
6493-05-6	D010431	Pentoxifylline	37
23180-57-6	C015423	peoniflorin	3
66104-22-1	D010479	Pergolide	10
6621-47-2	D010480	Perhexiline	8
6724-53-4	C023470	perhexiline maleate	4
82834-16-0	D020913	Perindopril	11
51-71-8	D010624	Phenelzine	8
114-86-3	D010629	Phenformin	8
83-12-5	D010630	Phenindione	3
50-06-6	D010634	Phenobarbital	48
59-96-1	D010643	Phenoxybenzamine	10
435-97-2	D010644	Phenprocoumon	4
50-60-2	D010646	Phentolamine	16
3376-24-7	C029217	phenyl-N-tert-butylnitrone	6
50-33-9	D010653	Phenylbutazone	15
59-42-7	D010656	Phenylephrine	41
14838-15-4	D010665	Phenylpropanolamine	8
57-41-0	D010672	Phenytoin	43
36357-77-4	C008890	phosphoramidon	6
57-47-6	D010830	Physostigmine	7
83-86-3	D010833	Phytic Acid	11
39325-01-4	D010844	Picibanil	6
124-87-8	D010852	Picrotoxin	7
92-13-7	D010862	Pilocarpine	15
88069-49-2	C042288	pilsicainide	1
79-17-4	C004479	pimagedine	26
74150-27-9	C041648	pimobendan	6
13523-86-9	D010869	Pindolol	8
111025-46-8	D000077205	Pioglitazone	71
61477-96-1	D010878	Piperacillin	4
7780-20-3	C008922	piperine	36
38677-81-5	C009118	pirbuterol	1
28797-61-7	D010890	Pirenzepine	3
53179-13-8	C093844	pirfenidone	6
50892-23-4	C006253	pirinixic acid	45
36322-90-4	D010894	Piroxicam	17
31793-07-4	C008924	pirprofen	1
147511-69-1	C108475	pitavastatin	7
104777-68-6	C421173	plantamajoside	6
58479-68-8	C108953	platycodin D	81
65914-17-2	C058229	polydatin	33
25104-18-1	D011107	Polylysine	2
7440-09-7	D011188	Potassium	45
7447-40-7	D011189	Potassium Chloride	11
6673-35-4	D011217	Practolol	3
81093-37-0	D017035	Pravastatin	27
19216-56-9	D011224	Prazosin	15
50-24-8	D011239	Prednisolone	23
53-03-2	D011241	Prednisone	29
95975-55-6	C023617	pregna-4,17-diene-3,16-dione	25
390-64-7	D011299	Prenylamine	1
69-43-2	C053347	prenylamine lactate	1
57-66-9	D011339	Probenecid	28
23288-49-5	D011341	Probucol	10
51-06-9	D011342	Procainamide	10
59-46-1	D011343	Procaine	9
72332-33-3	D017265	Procaterol	2
29106-49-8	C479580	procyanidin B2	19
57-83-0	D011374	Progesterone	202
135467-92-4	C066229	prolinedithiocarbamate	36
54063-53-5	D011405	Propafenone	12
2078-54-8	D015742	Propofol	35
9009-62-5	D011429	Propolis	15
525-66-6	D011433	Propranolol	55
51-52-5	D011441	Propylthiouracil	7
438-60-8	D011530	Protriptyline	1
4721-07-7	C034912	puag-haad	26
3681-99-0	C033607	puerarin	36
98-96-4	D011718	Pyrazinamide	9
101-26-8	D011729	Pyridostigmine Bromide	8
58-14-0	D011739	Pyrimethamine	16
25769-03-3	C020972	pyrrolidine dithiocarbamic acid	55
7187-62-4	C024631	pyrvinium	14
117-39-5	D011794	Quercetin	934
83-89-6	D011796	Quinacrine	27
82586-55-8	D000077583	Quinapril	7
82768-85-2	C054501	quinaprilat	2
56-54-2	D011802	Quinidine	22
126602-89-9	C062940	quinupristin-dalfopristin	5
87333-19-5	D017257	Ramipril	5
5471-51-2	C035522	raspberry ketone	1
21416-87-5	D011929	Razoxane	9
50-55-5	D012110	Reserpine	16
36791-04-5	D012254	Ribavirin	45
72559-06-9	D017828	Rifabutin	2
13292-46-1	D012293	Rifampin	85
6998-60-3	C023808	rifamycin SV	3
54187-04-1	D000077769	Rilmenidine	1
158681-13-1	D000077285	Rimonabant	25
106266-06-2	D018967	Risperidone	20
26652-09-5	D012312	Ritodrine	2
61413-54-5	D020889	Rolipram	12
83-79-4	D012402	Rotenone	178
170449-18-0	C101044	RTKI cpd	72
169939-94-0	C099154	ruboxistaurin	1
11103-72-3	D012430	Ruthenium Red	9
153-18-4	D012431	Rutin	38
15662-33-6	D012433	Ryanodine	1
150863-82-4	C079198	S 1 (combination)	44
21593-77-1	C065299	S-allylcysteine	17
69-72-7	D020156	Salicylic Acid	18
53003-10-4	C010327	salinomycin	35
34273-10-4	D012504	Saralasin	1
86819-20-7	C064294	sarpogrelate	34
7782-49-2	D012643	Selenium	50
13909-09-6	D012673	Semustine	2
99592-32-2	C061131	sertaconazole	1
79617-96-2	D020280	Sertraline	37
533-31-3	C025583	sesamol	4
106650-56-0	C058254	sibutramine	11
22888-70-6	D000077385	Silybin	61
131741-08-7	D000077464	Simendan	5
79902-63-9	D019821	Simvastatin	174
530-59-6	C073734	sinapinic acid	2
53123-88-9	D020123	Sirolimus	203
7440-23-5	D012964	Sodium	41
13768-07-5	C017947	sodium arsenite	1206
144-55-8	D017693	Sodium Bicarbonate	1
16721-80-5	C025451	sodium bisulfide	25
10102-18-8	D018038	Sodium Selenite	76
1191-50-0	D012981	Sodium Tetradecyl Sulfate	1
3930-20-9	D013015	Sotalol	4
90-39-1	D013034	Sparteine	2
83647-97-6	C052555	spirapril	2
52-01-7	D013148	Spironolactone	32
98299-61-7	C045749	SQ 29548	1
111-02-4	D013185	Squalene	2
7772-99-8	C023599	stannous chloride	2
57-92-1	D013307	Streptomycin	2
304-55-2	D004113	Succimer	2
306-40-1	D013390	Succinylcholine	4
68373-14-8	D013407	Sulbactam	1
68-35-9	D013411	Sulfadiazine	4
599-79-1	D012460	Sulfasalazine	45
57-96-5	D013442	Sulfinpyrazone	11
38194-50-2	D013467	Sulindac	97
59864-04-9	C025463	sulindac sulfone	43
15676-16-1	D013469	Sulpiride	12
94-07-5	D013578	Synephrine	8
118-34-3	C028305	syringin	10
321-64-2	D013619	Tacrine	20
109581-93-3	D016559	Tacrolimus	48
94497-51-5	C061133	tamibarotene	21
10540-29-1	D013629	Tamoxifen	252
481-53-8	C059006	tangeretin	11
568-73-0	C021751	tanshinone	52
69659-80-9	C024894	tanshinone II A sodium sulfonate	3
107-35-7	D013654	Taurine	17
17902-23-7	D005641	Tegafur	3
61036-62-2	D017334	Teicoplanin	1
846-50-4	D013693	Temazepam	1
110221-44-8	C055603	temocapril hydrochloride	2
2226-96-2	C001803	tempol	17
120210-48-2	C062866	tenidap	2
63590-64-7	C041226	Terazosin	6
91161-71-6	D000077291	Terbinafine	27
23031-25-6	D013726	Terbutaline	22
50679-08-8	D016593	Terfenadine	31
58694-52-3	C029738	tertiapin	2
58-22-0	D013739	Testosterone	88
58-46-8	D013747	Tetrabenazine	2
1746-01-6	D013749	Tetrachlorodibenzodioxin	246
60-54-8	D013752	Tetracycline	19
36062-04-1	C096277	tetrahydrocurcumin	1
70649-54-6	C050950	tetrakis(N-methyl-4-pyridiniumyl)porphine manganese(III) complex	6
80-12-6	C010349	tetramethylenedisulfotetramine	8
518-34-3	C009438	tetrandrine	51
16330-92-0	C020809	tetrathiomolybdate	25
4368-28-9	D013779	Tetrodotoxin	5
50-35-1	D013792	Thalidomide	83
58-55-9	D013806	Theophylline	319
59-43-8	D013831	Thiamine	2
62-46-4	D008063	Thioctic Acid	38
76-75-5	D013874	Thiopental	8
50-52-2	D013881	Thioridazine	19
79-19-6	C005151	thiosemicarbazide	3
52-24-4	D013852	Thiotepa	21
89-83-8	D013943	Thymol	15
490-91-5	C003466	thymoquinone	74
7488-70-2	D013974	Thyroxine	29
57010-31-8	D013976	Tiapamil Hydrochloride	2
55142-85-3	D013988	Ticlopidine	17
40180-04-9	D013989	Ticrynafen	4
26839-75-8	D013999	Timolol	6
1953-02-2	D008625	Tiopronin	4
32986-56-4	D014031	Tobramycin	6
59-98-3	D014043	Tolazoline	1
64-77-7	D014044	Tolbutamide	9
26171-23-3	D014046	Tolmetin	1
150683-30-0	D000077602	Tolvaptan	8
97240-79-4	D000077236	Topiramate	10
56211-40-6	D000077786	Torsemide	3
27203-92-5	D014147	Tramadol	5
53902-12-8	C012293	tranilast	3
155-09-9	D014191	Tranylcypromine	12
19794-93-5	D014196	Trazodone	7
302-79-4	D014212	Tretinoin	584
78-30-8	C025541	tri-o-cresyl phosphate	7
124-94-7	D014221	Triamcinolone	13
76-25-5	D014222	Triamcinolone Acetonide	11
396-01-0	D014223	Triamterene	3
28911-01-5	D014229	Triazolam	3
133-67-5	D014237	Trichlormethiazide	3
58880-19-6	C012589	trichostatin A	166
101-20-2	C009540	triclocarban	10
112-24-3	D014266	Trientine	15
117-89-5	D014268	Trifluoperazine	21
322-79-2	C016167	triflusal	1
535-83-1	C009560	trigonelline	18
35795-16-5	C005185	trimazosin	1
738-70-5	D014295	Trimethoprim	7
8064-90-2	D015662	Trimethoprim, Sulfamethoxazole Drug Combination	1
486-12-4	D014311	Triprolidine	9
38748-32-2	C001899	triptolide	48
38647-11-9	C084079	triptonide	14
97322-87-7	D000077288	Troglitazone	164
10405-02-4	C003330	trospium chloride	6
57-95-4	D014403	Tubocurarine	18
41570-61-0	C010809	tulobuterol	1
66-22-8	D014498	Uracil	1
51-79-6	D014520	Urethane	14
69-93-2	D014527	Uric Acid	28
128-13-2	D014580	Ursodeoxycholic Acid	57
77-52-1	C005466	ursolic acid	39
99-66-1	D014635	Valproic Acid	205
1404-90-6	D014640	Vancomycin	3
73168-24-8	C025043	vasopressin, 1-(1-mercaptocyclohexaneacetic acid)-2-(O- methyl-L-tyrosine)-8-L-arginine-	1
52-53-9	D014700	Verapamil	69
81840-15-5	C041667	vesnarinone	3
865-21-4	D014747	Vinblastine	213
71486-22-1	D000077235	Vinorelbine	11
11103-57-4	D014801	Vitamin A	32
68-19-9	D014805	Vitamin B 12	14
1406-16-2	D014807	Vitamin D	29
1406-18-4	D014810	Vitamin E	61
11032-49-8	D024482	Vitamin K 2	12
58-27-5	D024483	Vitamin K 3	76
81-81-2	D014859	Warfarin	41
5119-48-2	C009684	withaferin A	35
632-85-9	C085514	wogonin	35
19545-26-7	D000077191	Wortmannin	153
81801-12-9	D017307	Xamoterol	5
6754-58-1	C104536	xanthohumol	51
526-36-3	C009695	xylometazoline	7
138381-45-0	C108830	Y 27632	57
127657-42-5	C087958	YM 529	5
146-48-5	D015016	Yohimbine	6
107753-78-6	C062735	zafirlukast	25
37762-06-4	C011145	zaprinast	7
85175-67-3	C043636	zatebradine	1
471-05-6	C403304	zerumbone	18
30516-87-1	D015215	Zidovudine	65
132880-11-6	C063449	zileuton	15
7440-66-6	D015032	Zinc	301
110703-94-1	C067172	zopolrestat	4
